fecha;finca;variedad;lote ;planta;no.flo;hora;hora(unidad);temp;no.flo.vis;t.v(floVis/noFlo);S;S(pla);S(12m2);a.mellifera(fv);a.mellifera;apis.negra(fv);apis.negra(pla);apis.sp1(fv);apis.sp1(pla);a.verde(fv);a.verde;abe.Peq(fv);picaflor(fv);picaflor(12m2);picaflor.S(12m2);chloro(12m2);saphoo(12m2);amazillia(12m2);michrostilbon(12m2);elefante(fv);elefante;mosquito;syrphidae(fv);syrphidae.S;syrphidae(pla);SyrGra-G;syrphidae tigrePE;syrphi apis;syrphi gordo;syrPe;syrPe(pla);syrGra;syrGra(pla);abejorro(fv);abejorro(12m2);abejorro.S(12m2);b.atratusPe(12m2);b.atratusGra(12m2);bombusSP1(12m2);mariposa(fv);mariposa;mariposa.S;monarca;lunares;mariposa1;coleoptero
43661;sta.lu;pri;l1;pril1-1;89;9,27;0,38625;15;10;0,112359551;2;2;2;8;5;0;0;0;0;0;0;0;2;1;1;1;0;0;0;0;0;0;0;0;0;0;0;0;0;0;0;0;0;0;0;0;0;0;0;0;0;0;0;0;0;0
43661;sta.lu;pri;l1;pril1-2;60;9,42;0,3925;16;15;0,25;1;1;1;15;5;0;0;0;0;0;0;0;0;0;0;0;0;0;0;0;0;0;0;0;0;0;0;0;0;0;0;0;0;0;0;0;0;0;0;0;0;0;0;0;0;0
43661;sta.lu;pri;l1;pril1-3;84;9,57;0,39875;16;12;0,142857143;1;1;1;12;4;0;0;0;0;0;0;0;0;0;0;0;0;0;0;0;0;0;0;0;0;0;0;0;0;0;0;0;0;0;0;0;0;0;0;0;0;0;0;0;0;0
43661;sta.lu;pri;l1;pril1-4;82;10,17;0,42375;16;10;0,12195122;1;1;1;10;6;0;0;0;0;0;0;0;0;0;0;0;0;0;0;0;0;0;0;0;0;0;0;0;0;0;0;0;0;0;0;0;0;0;0;0;0;0;0;0;0;0
43661;sta.lu;pri;l1;pril1-5;73;10,32;0,43;16;11;0,150684932;1;1;2;11;8;0;0;0;0;0;0;0;0;1;1;0;1;0;0;0;0;0;0;0;0;0;0;0;0;0;0;0;0;0;0;0;0;0;0;0;0;0;0;0;0;0
43661;sta.lu;pri;l1;pril1-6;47;11,17;0,465416667;16;10;0,212765957;1;1;2;10;7;0;0;0;0;0;0;0;0;2;1;2;0;0;0;0;0;0;0;0;0;0;0;0;0;0;0;0;0;0;0;0;0;0;0;0;0;0;0;0;0;0
43661;sta.lu;pri;l1;pril1-7;69;11,7;0,4875;16;19;0,275362319;1;1;1;19;8;0;0;0;0;0;0;0;0;0;0;0;0;0;0;0;0;0;0;0;0;0;0;0;0;0;0;0;0;0;0;0;0;0;0;0;0;0;0;0;0;0
43661;sta.lu;sj;l1;sj1-1;75;13,19;0,549583333;20;13;0,173333333;1;1;2;13;7;0;0;0;0;0;0;0;0;1;1;1;0;0;0;0;0;0;0;0;0;0;0;0;0;0;0;0;0;0;0;0;0;0;0;0;0;0;0;0;0;0
43661;sta.lu;sj;l1;sj1-2;83;13,29;0,55375;20;19;0,228915663;1;1;1;19;9;0;0;0;0;0;0;0;0;0;0;0;0;0;0;0;0;0;0;0;0;0;0;0;0;0;0;0;0;0;0;0;0;0;0;0;0;0;0;0;0;0
43661;sta.lu;sj;l1;sj1-3;46;14,46;0,6025;20;13;0,282608696;1;1;1;13;7;0;0;0;0;0;0;0;0;0;0;0;0;0;0;0;0;0;0;0;0;0;0;0;0;0;0;0;0;0;0;0;0;0;0;0;0;0;0;0;0;0
43661;sta.lu;sj;l1;sj1-4;49;14,56;0,606666667;20;19;0,387755102;1;1;1;19;8;0;0;0;0;0;0;0;0;0;0;0;0;0;0;0;0;0;0;0;0;0;0;0;0;0;0;0;0;0;0;0;0;0;0;0;0;0;0;0;0;0
43661;sta.lu;sj;l1;sj1-5;57;15,09;0,62875;20;16;0,280701754;1;1;1;16;6;0;0;0;0;0;0;0;0;0;0;0;0;0;0;0;0;0;0;0;0;0;0;0;0;0;0;0;0;0;0;0;0;0;0;0;0;0;0;0;0;0
43661;sta.lu;sj;l1;sj1-6;51;15,18;0,6325;20;14;0,274509804;1;1;1;14;6;0;0;0;0;0;0;0;0;0;0;0;0;0;0;0;0;0;0;0;0;0;0;0;0;0;0;0;0;0;0;0;0;0;0;0;0;0;0;0;0;0
43661;sta.lu;sj;l1;sj1-7;63;15,28;0,636666667;19;11;0,174603175;1;1;1;11;4;0;0;0;0;0;0;0;0;0;0;0;0;0;0;0;0;0;0;0;0;0;0;0;0;0;0;0;0;0;0;0;0;0;0;0;0;0;0;0;0;0
43663;sta.lu;sj;l6;sj6-1;92;9,29;0,387083333;12;10;0,108695652;1;1;1;10;5;0;0;0;0;0;0;0;0;0;0;0;0;0;0;0;0;0;0;0;0;0;0;0;0;0;0;0;0;0;0;0;0;0;0;0;0;0;0;0;0;0
43663;sta.lu;sj;l6;sj6-2;127;9,39;0,39125;12;9;0,070866142;1;1;2;9;4;0;0;0;0;0;0;0;0;1;1;1;0;0;0;0;0;0;0;0;0;0;0;0;0;0;0;0;0;0;0;0;0;0;0;0;0;0;0;0;0;0
43663;sta.lu;sj;l6;sj6-3;80;9,51;0,39625;14;6;0,075;1;1;2;6;4;0;0;0;0;0;0;0;0;1;1;1;0;0;0;0;0;0;0;0;0;0;0;0;0;0;0;0;0;0;0;0;0;0;0;0;0;0;0;0;0;0
43663;sta.lu;sj;l6;sj6-4;103;10,02;0,4175;14;10;0,097087379;2;2;2;9;5;0;0;0;0;0;0;0;0;0;0;0;0;0;0;0;0;0;1;2;2;0;0;0;0;1;1;0;0;0;0;0;0;0;0;0;0;0;0;0;0;0
43663;sta.lu;sj;l6;sj6-5;82;10,17;0,42375;15;6;0,073170732;1;1;3;6;3;0;0;0;0;0;0;0;0;3;2;0;2;1;0;0;0;0;0;0;0;0;0;0;0;0;0;0;0;0;0;0;0;0;0;0;0;0;0;0;0;0
43663;sta.lu;sj;l6;sj6-6;91;10,29;0,42875;15;8;0,087912088;1;1;3;8;6;0;0;0;0;0;0;0;0;2;2;1;1;0;0;0;0;0;0;0;0;0;0;0;0;0;0;0;0;0;0;0;0;0;0;0;0;0;0;0;0;0
43663;sta.lu;sj;l6;sj6-7;46;10,38;0,4325;16;7;0,152173913;1;1;1;7;7;0;0;0;0;0;0;0;0;0;0;0;0;0;0;0;0;0;0;0;0;0;0;0;0;0;0;0;0;0;0;0;0;0;0;0;0;0;0;0;0;0
43663;sta.lu;pri;l3;pril3-1;88;11,45;0,477083333;17;15;0,170454545;2;2;2;13;7;0;0;0;0;0;0;0;0;0;0;0;0;0;0;0;0;0;2;1;2;0;0;0;0;0;0;2;2;0;0;0;0;0;0;0;0;0;0;0;0;0
43663;sta.lu;pri;l3;pril3-2;91;12,1;0,504166667;18;11;0,120879121;1;1;1;11;4;0;0;0;0;0;0;0;0;0;0;0;0;0;0;0;0;0;0;0;0;0;0;0;0;0;0;0;0;0;1;1;0;1;0;0;0;0;0;0;0;0
43663;sta.lu;pri;l3;pril3-3;83;12,21;0,50875;18;17;0,204819277;1;1;3;17;9;0;0;0;0;0;0;0;0;1;1;0;1;0;0;0;0;0;0;0;0;0;0;0;0;0;0;0;0;0;1;1;1;0;0;0;0;0;0;0;0;0
43663;sta.lu;pri;l3;pril3-4;116;11,25;0,46875;17;7;0,060344828;2;2;3;5;2;0;0;0;0;0;0;0;0;0;0;0;0;0;0;0;0;0;2;1;2;0;0;0;0;0;0;2;2;0;1;1;1;0;0;0;0;0;0;0;0;0
43663;sta.lu;pri;l3;pril3-5;92;11,54;0,480833333;17;4;0,043478261;1;1;3;4;2;0;0;0;0;0;0;0;0;1;1;0;1;0;0;0;0;0;0;0;0;0;0;0;0;0;0;0;0;0;2;1;0;0;2;0;0;0;0;0;0;0
43663;sta.lu;pri;l3;pril3-6;76;10,56;0,44;16;7;0,092105263;1;1;3;7;6;0;0;0;0;0;0;0;0;1;1;0;1;0;0;0;0;0;0;0;0;0;0;0;0;0;0;0;0;0;2;1;2;0;0;0;0;0;0;0;0;0
43663;sta.lu;pri;l3;pril3-7;102;11,13;0,46375;17;4;0,039215686;1;1;3;4;4;0;0;0;0;0;0;0;0;1;1;1;0;0;0;0;0;0;0;0;0;0;0;0;0;0;0;0;0;0;2;1;0;0;2;0;0;0;0;0;0;0
43663;sta.lu;pri;l2;pril2-1;93;13,38;0,5575;19;10;0,107526882;1;1;4;10;6;0;0;0;0;0;0;0;0;5;2;1;0;4;0;0;0;0;0;0;0;0;0;0;0;0;0;0;0;0;1;1;0;0;1;0;0;0;0;0;0;0
43663;sta.lu;pri;l2;pril2-2;73;13,51;0,562916667;19;15;0,205479452;2;2;4;14;9;0;0;0;0;0;0;0;0;5;2;0;1;4;0;0;0;0;0;0;0;0;0;0;0;0;0;0;0;1;3;2;0;0;3;0;0;0;0;0;0;0
43663;sta.lu;pri;l2;pril2-3;72;14;0,583333333;20;15;0,208333333;1;1;5;15;8;0;0;0;0;0;0;0;0;6;3;1;3;2;0;0;0;0;0;0;0;0;0;0;0;0;0;0;0;0;1;1;0;0;1;0;0;0;0;0;0;0
43663;sta.lu;pri;l2;pril2-4;97;13,18;0,549166667;19;14;0,144329897;1;1;2;14;4;0;0;0;0;0;0;0;0;1;1;0;0;2;0;0;0;0;0;0;0;0;0;0;0;0;0;0;0;0;0;0;0;0;0;0;0;0;0;0;0;0
43663;sta.lu;pri;l2;pril2-5;111;13,27;0,552916667;19;15;0,135135135;2;2;4;12;4;0;0;0;0;0;0;0;0;1;1;0;0;1;0;0;0;0;3;1;1;0;0;0;0;1;0;0;0;0;1;1;0;0;1;0;0;0;0;0;0;0
43663;sta.lu;pri;l2;pril2-6;138;12,57;0,52375;19;7;0,050724638;1;1;4;7;7;0;0;0;0;0;0;0;0;3;2;0;1;2;0;0;0;0;0;0;0;0;0;0;0;0;0;0;0;0;2;1;0;0;2;0;0;0;0;0;0;0
43663;sta.lu;pri;l2;pril2-7;87;13,05;0,54375;19;14;0,16091954;1;1;4;14;8;0;0;0;0;0;0;0;0;2;2;0;1;1;0;0;0;0;0;0;0;0;0;0;0;0;0;0;0;0;1;1;0;0;1;0;0;0;0;0;0;0
43663;sta.lu;sj;l5;sj5-1;67;14,17;0,590416667;20;12;0,179104478;1;1;1;12;6;0;0;0;0;0;0;0;0;0;0;0;0;0;0;0;0;0;0;0;0;0;0;0;0;0;0;0;0;0;0;0;0;0;0;0;0;0;0;0;0;0
43663;sta.lu;sj;l5;sj5-2;62;14,26;0,594166667;20;8;0,129032258;1;1;3;8;5;0;0;0;0;0;0;0;0;2;2;1;0;1;0;0;0;0;0;0;0;0;0;0;0;0;0;0;0;0;0;0;0;0;0;0;0;0;0;0;0;0
43663;sta.lu;sj;l5;sj5-3;49;14,34;0,5975;20;9;0,183673469;1;1;1;9;8;0;0;0;0;0;0;0;0;0;0;0;0;0;0;0;0;0;0;0;0;0;0;0;0;0;0;0;0;0;0;0;0;0;0;0;0;0;0;0;0;0
43663;sta.lu;sj;l5;sj5-4;42;14,44;0,601666667;20;8;0,19047619;2;2;3;3;5;0;0;0;0;0;0;0;0;2;1;0;2;0;0;0;0;0;1;1;1;0;0;0;0;1;0;0;0;0;0;0;0;0;0;0;0;0;0;0;0;0
43663;sta.lu;sj;l5;sj5-5;67;14,53;0,605416667;20;17;0,253731343;1;1;2;17;8;0;0;0;0;0;0;0;0;1;1;0;1;0;0;0;0;0;0;0;0;0;0;0;0;0;0;0;0;0;0;0;0;0;0;0;0;0;0;0;0;0
43663;sta.lu;sj;l5;sj5-6;41;15,04;0,626666667;20;11;0,268292683;1;1;1;11;7;0;0;0;0;0;0;0;0;0;0;0;0;0;0;0;0;0;0;0;0;0;0;0;0;0;0;0;0;0;0;0;0;0;0;0;0;0;0;0;0;0
43663;sta.lu;sj;l5;sj5-7;45;15,12;0,63;20;3;0,066666667;1;1;3;3;1;0;0;0;0;0;0;0;0;2;2;0;1;1;0;0;0;0;0;0;0;0;0;0;0;0;0;0;0;0;0;0;0;0;0;0;0;0;0;0;0;0
43663;sta.lu;sj;l4;sj4-1;44;16,23;0,67625;20;13;0,295454545;2;2;2;12;7;0;0;0;0;0;0;0;0;0;0;0;0;0;0;0;0;0;1;1;1;0;0;0;0;1;1;0;0;0;0;0;0;0;0;0;0;0;0;0;0;0
43663;sta.lu;sj;l4;sj4-2;39;16,32;0,68;20;1;0,025641026;1;1;1;1;1;0;0;0;0;0;0;0;0;0;0;0;0;0;0;0;0;0;0;0;0;0;0;0;0;0;0;0;0;0;0;0;0;0;0;0;0;0;0;0;0;0
43663;sta.lu;sj;l4;sj4-3;52;15,57;0,64875;20;4;0,076923077;1;1;1;4;4;0;0;0;0;0;0;0;0;0;0;0;0;0;0;0;0;0;0;0;0;0;0;0;0;0;0;0;0;0;0;0;0;0;0;0;0;0;0;0;0;0
43663;sta.lu;sj;l4;sj4-4;45;16,06;0,669166667;20;4;0,088888889;1;1;1;4;3;0;0;0;0;0;0;0;0;0;0;0;0;0;0;0;0;0;0;0;0;0;0;0;0;0;0;0;0;0;0;0;0;0;0;0;0;0;0;0;0;0
43663;sta.lu;sj;l4;sj4-5;45;15,28;0,636666667;20;8;0,177777778;1;1;1;8;6;0;0;0;0;0;0;0;0;0;0;0;0;0;0;0;0;0;0;0;0;0;0;0;0;0;0;0;0;0;0;0;0;0;0;0;0;0;0;0;0;0
43663;sta.lu;sj;l4;sj4-6;41;15,37;0,640416667;20;8;0,195121951;1;1;1;8;5;0;0;0;0;0;0;0;0;0;0;0;0;0;0;0;0;0;0;0;0;0;0;0;0;0;0;0;0;0;0;0;0;0;0;0;0;0;0;0;0;0
43663;sta.lu;sj;l4;sj4-7;51;15,46;0,644166667;20;10;0,196078431;1;1;1;10;4;0;0;0;0;0;0;0;0;0;0;0;0;0;0;0;0;0;0;0;0;0;0;0;0;0;0;0;0;0;0;0;0;0;0;0;0;0;0;0;0;0
43664;sta.lu;sj;l2;sj2-1;58;9,18;0,3825;15;8;0,137931034;1;1;2;8;5;0;0;0;0;0;0;0;0;1;1;1;0;0;0;0;0;0;0;0;0;0;0;0;0;0;0;0;0;0;0;0;0;0;0;0;0;0;0;0;0;0
43664;sta.lu;sj;l2;sj2-2;57;9,26;0,385833333;15;1;0,01754386;1;1;2;1;1;0;0;0;0;0;0;0;0;2;1;2;0;0;0;0;0;0;0;0;0;0;0;0;0;0;0;0;0;0;0;0;0;0;0;0;0;0;0;0;0;0
43664;sta.lu;sj;l2;sj2-3;41;9,39;0,39125;15;15;0,365853659;1;1;2;12;6;0;0;0;0;0;0;0;0;1;1;0;1;0;0;0;0;0;0;0;0;0;0;0;0;0;0;0;0;0;0;0;0;0;0;0;0;0;0;0;0;0
43664;sta.lu;sj;l2;sj2-4;52;9,48;0,395;15;5;0,096153846;1;1;1;5;3;0;0;0;0;0;0;0;0;0;0;0;0;0;0;0;0;0;0;0;0;0;0;0;0;0;0;0;0;0;0;0;0;0;0;0;0;0;0;0;0;0
43664;sta.lu;sj;l2;sj2-5;58;9,59;0,399583333;16;16;0,275862069;1;1;1;16;7;0;0;0;0;0;0;0;0;0;0;0;0;0;0;0;0;0;0;0;0;0;0;0;0;0;0;0;0;0;0;0;0;0;0;0;0;0;0;0;0;0
43664;sta.lu;sj;l2;sj2-6;43;10,07;0,419583333;16;7;0,162790698;1;1;1;7;6;0;0;0;0;0;0;0;0;0;0;0;0;0;0;0;0;0;0;0;0;0;0;0;0;0;0;0;0;0;0;0;0;0;0;0;0;0;0;0;0;0
43664;sta.lu;sj;l2;sj2-7;44;10,17;0,42375;18;10;0,227272727;1;1;1;10;6;0;0;0;0;0;0;0;0;0;0;0;0;0;0;0;0;0;0;0;0;0;0;0;0;0;0;0;0;0;0;0;0;0;0;0;0;0;0;0;0;0
43664;sta.lu;sj;l3;sj3-1;50;10,37;0,432083333;18;9;0,18;3;3;3;6;5;0;0;1;1;0;0;0;0;0;0;0;0;0;0;0;0;0;2;1;0;0;0;0;0;0;0;1;1;0;0;0;0;0;0;0;0;0;0;0;0;0
43664;sta.lu;sj;l3;sj3-2;37;10,45;0,435416667;18;9;0,243243243;1;1;1;9;6;0;0;0;0;0;0;0;0;0;0;0;0;0;0;0;0;0;0;0;0;0;0;0;0;0;0;0;0;0;0;0;0;0;0;0;0;0;0;0;0;0
43664;sta.lu;sj;l3;sj3-3;39;10,53;0,43875;18;3;0,076923077;1;1;1;3;3;0;0;0;0;0;0;0;0;0;0;0;0;0;0;0;0;0;0;0;0;0;0;0;0;0;0;0;0;0;0;0;0;0;0;0;0;0;0;0;0;0
43664;sta.lu;sj;l3;sj3-4;40;11,12;0,463333333;18;5;0,125;2;2;2;4;3;0;0;0;0;0;0;0;0;0;0;0;0;0;0;0;0;0;1;1;1;0;0;1;0;0;0;0;0;0;0;0;0;0;0;0;0;0;0;0;0;0
43664;sta.lu;sj;l3;sj3-5;53;11,04;0,46;18;4;0,075471698;1;1;1;4;3;0;0;0;0;0;0;0;0;0;0;0;0;0;0;0;0;0;0;0;0;0;0;0;0;0;0;0;0;0;0;0;0;0;0;0;0;0;0;0;0;0
43664;sta.lu;sj;l3;sj3-6;44;11,23;0,467916667;18;9;0,204545455;1;1;1;9;8;0;0;0;0;0;0;0;0;0;0;0;0;0;0;0;0;0;0;0;0;0;0;0;0;0;0;0;0;0;0;0;0;0;0;0;0;0;0;0;0;0
43664;sta.lu;sj;l3;sj3-7;43;11,31;0,47125;18;7;0,162790698;1;1;1;7;4;0;0;0;0;0;0;0;0;0;0;0;0;0;0;0;0;0;0;0;0;0;0;0;0;0;0;0;0;0;0;0;0;0;0;0;0;0;0;0;0;0
43664;citro;pri;l1;pril1-1;37;12,51;0,52125;19;11;0,297297297;1;1;3;11;8;0;0;0;0;0;0;0;0;2;2;1;1;0;0;0;0;0;0;0;0;0;0;0;0;0;0;0;0;0;0;0;0;0;0;0;0;0;0;0;0;0
43664;citro;pri;l1;pril1-2;33;13,03;0,542916667;19;10;0,303030303;2;2;4;9;4;0;0;0;0;0;0;0;0;2;2;1;0;1;0;0;0;0;1;1;1;0;0;0;1;0;0;0;0;0;0;0;0;0;0;0;0;0;0;0;0;0
43664;citro;pri;l1;pril1-3;39;13,26;0,5525;19;12;0,307692308;1;2;3;13;7;0;0;0;0;0;0;0;0;1;1;1;0;0;0;0;0;0;0;1;1;0;0;0;0;0;1;0;0;0;0;0;0;0;0;0;0;0;0;0;0;0
43664;citro;pri;l1;pril1-4;35;13,42;0,559166667;20;6;0,171428571;3;3;4;4;3;0;0;1;1;0;0;0;0;1;1;1;0;0;0;0;0;0;1;1;1;0;0;0;0;1;1;0;0;0;0;0;0;0;0;0;0;0;0;0;0;0
43664;citro;pri;l1;pril1-5;36;13,52;0,563333333;20;5;0,138888889;1;1;2;5;4;0;0;0;0;0;0;0;0;2;1;2;0;0;0;0;0;0;0;0;0;0;0;0;0;0;0;0;0;0;0;0;0;0;0;0;0;0;0;0;0;0
43664;citro;pri;l1;pril1-6;38;14,06;0,585833333;20;21;0,552631579;2;2;3;5;3;0;0;0;0;0;0;0;16;2;2;1;1;0;0;0;0;0;0;0;0;0;0;0;0;0;0;0;0;0;0;0;0;0;0;0;0;0;0;0;0;0
43664;citro;pri;l1;pril1-7;43;14,16;0,59;20;21;0,488372093;2;2;4;20;12;0;0;0;0;0;0;0;0;5;2;2;3;0;0;0;0;0;1;1;1;0;0;0;0;1;1;0;0;0;0;0;0;0;0;0;0;0;0;0;0;0
43664;citro;pri;l5;pril5-1;43;15,46;0,644166667;20;23;0,534883721;1;1;1;23;6;0;0;0;0;0;0;0;0;0;0;0;0;0;0;0;0;0;0;0;0;0;0;0;0;0;0;0;0;0;0;0;0;0;0;0;0;0;0;0;0;0
43664;citro;pri;l5;pril5-2;43;15,57;0,64875;20;13;0,302325581;1;1;1;13;7;0;0;0;0;0;0;0;0;0;0;0;0;0;0;0;0;0;0;0;0;0;0;0;0;0;0;0;0;0;0;0;0;0;0;0;0;0;0;0;0;0
43664;citro;pri;l5;pril5-3;47;16,09;0,670416667;20;12;0,255319149;1;1;1;12;4;0;0;0;0;0;0;0;0;0;0;0;0;0;0;0;0;0;0;0;0;0;0;0;0;0;0;0;0;0;0;0;0;0;0;0;0;0;0;0;0;0
43664;citro;pri;l5;pril5-4;35;16,21;0,675416667;20;0;0;0;0;1;0;0;0;0;0;0;0;0;0;0;0;0;0;0;0;0;0;0;0;0;0;0;0;0;0;0;0;0;0;0;0;0;0;0;0;0;0;0;0;0;0;0;0
43664;citro;pri;l5;pril5-5;40;16,31;0,679583333;20;2;0,05;1;1;3;2;1;0;0;0;0;0;0;0;0;2;2;1;1;0;0;0;0;0;0;0;0;0;0;0;0;0;0;0;0;0;0;0;0;0;0;0;0;0;0;0;0;0
43664;citro;pri;l5;pril5-6;32;16,4;0,683333333;20;4;0,125;2;2;3;1;1;0;0;0;0;0;0;0;0;1;1;1;0;0;0;0;0;0;0;0;0;0;0;0;0;0;0;0;0;3;1;1;0;0;1;0;0;0;0;0;0;0
43664;citro;pri;l5;pril5-7;31;16,49;0,687083333;20;11;0,35483871;1;1;2;11;6;0;0;0;0;0;0;0;0;1;1;1;0;0;0;0;0;0;0;0;0;0;0;0;0;0;0;0;0;0;0;0;0;0;0;0;0;0;0;0;0;0
43666;sta.lu;pri;l1;pril1-1;40;9,5;0,395833333;17;11;0,275;1;1;1;11;6;0;0;0;0;0;0;0;0;0;0;0;0;0;0;0;0;0;0;0;0;0;0;0;0;0;0;0;0;0;0;0;0;0;0;0;0;0;0;0;0;0
43666;sta.lu;pri;l1;pril1-2;57;9,57;0,39875;17;7;0,122807018;1;1;1;7;4;0;0;0;0;0;0;0;0;0;0;0;0;0;0;0;0;0;0;0;0;0;0;0;0;0;0;0;0;0;0;0;0;0;0;0;0;0;0;0;0;0
43666;sta.lu;pri;l1;pril1-3;57;10,04;0,418333333;17;3;0,052631579;1;1;1;3;2;0;0;0;0;0;0;0;0;0;0;0;0;0;0;0;0;0;0;0;0;0;0;0;0;0;0;0;0;0;0;0;0;0;0;0;0;0;0;0;0;0
43666;sta.lu;pri;l1;pril1-4;43;10,11;0,42125;17;1;0,023255814;1;1;2;1;1;0;0;0;0;0;0;0;0;1;1;1;0;0;0;0;0;0;0;0;0;0;0;0;0;0;0;0;0;0;0;0;0;0;0;0;0;0;0;0;0;0
43666;sta.lu;pri;l1;pril1-5;51;10,18;0,424166667;18;14;0,274509804;1;1;3;14;4;0;0;0;0;0;0;0;0;2;2;1;1;0;0;0;0;0;0;0;0;0;0;0;0;0;0;0;0;0;0;0;0;0;0;0;0;0;0;0;0;0
43666;sta.lu;pri;l1;pril1-6;48;10,34;0,430833333;18;19;0,395833333;1;1;1;19;11;0;0;0;0;0;0;0;0;0;0;0;0;0;0;0;0;0;0;0;0;0;0;0;0;0;0;0;0;0;0;0;0;0;0;0;0;0;0;0;0;0
43666;sta.lu;pri;l1;pril1-7;56;10,27;0,427916667;18;8;0,142857143;1;1;2;8;5;0;0;0;0;0;0;0;0;2;1;2;0;0;0;0;0;0;0;0;0;0;0;0;0;0;0;0;0;0;0;0;0;0;0;0;0;0;0;0;0;0
43672;sta.lu;pri;l3;pril3-1;42;11,53;0,480416667;14;7;0,166666667;1;1;3;7;2;0;0;0;0;0;0;0;0;2;2;0;1;1;0;0;0;0;0;0;0;0;0;0;0;0;0;0;0;0;0;0;0;0;0;0;0;0;0;0;0;0
43672;sta.lu;pri;l3;pril3-2;41;12,01;0,500416667;14;3;0,073170732;1;1;3;3;2;0;0;0;0;0;0;0;0;1;1;1;0;0;0;0;0;0;0;0;0;0;0;0;0;0;0;0;0;0;1;1;1;0;0;0;0;0;0;0;0;0
43672;sta.lu;pri;l3;pril3-3;45;12,09;0,50375;14;2;0,044444444;1;1;2;2;1;0;0;0;0;0;0;0;0;2;1;0;2;0;0;0;0;0;0;0;0;0;0;0;0;0;0;0;0;0;0;0;0;0;0;0;0;0;0;0;0;0
43672;sta.lu;pri;l3;pril3-4;34;11,38;0,474166667;13;2;0,058823529;1;1;3;2;2;0;0;0;0;0;0;0;0;4;2;2;2;0;0;0;0;0;0;0;0;0;0;0;0;0;0;0;0;0;0;0;0;0;0;0;0;0;0;0;0;0
43672;sta.lu;pri;l3;pril3-5;34;11,45;0,477083333;14;2;0,058823529;1;1;1;2;2;0;0;0;0;0;0;0;0;0;0;0;0;0;0;0;0;0;0;0;0;0;0;0;0;0;0;0;0;0;0;0;0;0;0;0;0;0;0;0;0;0
43672;sta.lu;pri;l3;pril3-6;37;11,29;0,470416667;13;1;0,027027027;1;1;2;1;1;0;0;0;0;0;0;0;0;1;1;0;1;0;0;0;0;0;0;0;0;0;0;0;0;0;0;0;0;0;0;0;0;0;0;0;0;0;0;0;0;0
43672;sta.lu;pri;l3;pril3-7;48;11,19;0,46625;13;6;0,125;1;1;1;6;2;0;0;0;0;0;0;0;0;0;0;0;0;0;0;0;0;0;0;0;0;0;0;0;0;0;0;0;0;0;0;0;0;0;0;0;0;0;0;0;0;0
43672;citro;pri;l5;pril5-1;44;13,02;0,5425;15;16;0,363636364;2;2;2;9;5;0;0;0;0;0;0;0;0;0;0;0;0;0;0;0;0;0;0;0;0;0;0;0;0;0;0;0;0;7;1;1;0;1;0;0;0;0;0;0;0;0
43672;citro;pri;l5;pril5-2;42;13,1;0,545833333;15;0;0;0;0;1;0;0;0;0;0;0;0;0;0;0;0;0;0;0;0;0;0;0;0;0;0;0;0;0;0;0;0;0;0;0;0;0;0;0;0;0;0;0;0;0;0;0;0
43672;citro;pri;l5;pril5-3;39;13,19;0,549583333;15;3;0,076923077;1;1;1;3;2;0;0;0;0;0;0;0;0;0;0;0;0;0;0;0;0;0;0;0;0;0;0;0;0;0;0;0;0;0;0;0;0;0;0;0;0;0;0;0;0;0
43672;citro;pri;l5;pril5-4;46;13,26;0,5525;15;8;0,173913043;1;1;1;8;3;0;0;0;0;0;0;0;0;0;0;0;0;0;0;0;0;0;0;0;0;0;0;0;0;0;0;0;0;0;0;0;0;0;0;0;0;0;0;0;0;0
43672;citro;pri;l5;pril5-5;46;13,43;0,559583333;15;0;0;0;0;2;0;0;0;0;0;0;0;0;0;0;3;2;2;1;0;0;0;0;0;0;0;0;0;0;0;0;0;0;0;0;0;0;0;0;0;0;0;0;0;0;0;0;0
43672;citro;pri;l5;pril5-6;39;13,44;0,56;15;4;0,102564103;1;1;1;4;2;0;0;0;0;0;0;0;0;0;0;0;0;0;0;0;0;0;0;0;0;0;0;0;0;0;0;0;0;0;0;0;0;0;0;0;0;0;0;0;0;0
43672;citro;pri;l5;pril5-7;36;13,52;0,563333333;15;8;0,222222222;1;2;2;8;4;0;0;0;0;0;0;0;0;0;0;0;0;0;0;0;0;0;0;1;1;0;0;0;1;0;0;0;0;0;0;0;0;0;0;0;0;0;0;0;0;0
43672;citro;pri;l1;pril1-1;40;15,08;0,628333333;15;2;0,05;1;1;1;2;2;0;0;0;0;0;0;0;0;0;0;0;0;0;0;0;0;0;0;0;0;0;0;0;0;0;0;0;0;0;0;0;0;0;0;0;0;0;0;0;0;0
43672;citro;pri;l1;pril1-2;36;15,16;0,631666667;15;4;0,111111111;1;1;1;4;3;0;0;0;0;0;0;0;0;0;0;0;0;0;0;0;0;0;0;0;0;0;0;0;0;0;0;0;0;0;0;0;0;0;0;0;0;0;0;0;0;0
43672;citro;pri;l1;pril1-3;37;15,24;0,635;15;7;0,189189189;1;2;2;3;5;0;0;0;0;0;0;0;0;0;0;0;0;0;0;0;0;0;0;1;1;0;0;0;1;0;0;0;0;0;0;0;0;0;0;0;0;0;0;0;0;0
43672;citro;pri;l1;pril1-4;30;14,5;0,604166667;15;1;0,033333333;1;2;3;1;1;0;0;0;0;0;0;0;0;2;1;2;0;0;0;0;0;0;0;1;1;0;0;0;0;0;1;0;0;0;0;0;0;0;0;0;0;0;0;0;0;0
43672;citro;pri;l1;pril1-5;38;14,57;0,607083333;15;10;0,263157895;1;2;2;10;3;0;0;0;0;0;0;0;0;0;0;0;0;0;0;0;0;0;0;1;1;0;0;0;0;0;1;0;0;0;0;0;0;0;0;0;0;0;0;0;0;0
43672;citro;pri;l1;pril1-6;48;14,3;0,595833333;15;18;0,375;1;1;1;18;6;0;0;0;0;0;0;0;0;0;0;0;0;0;0;0;0;0;0;0;0;0;0;0;0;0;0;0;0;0;0;0;0;0;0;0;0;0;0;0;0;0
43672;citro;pri;l1;pril1-7;52;14,38;0,599166667;15;4;0,076923077;1;1;2;4;3;0;0;0;0;0;0;0;0;2;1;2;0;0;0;0;0;0;0;0;0;0;0;0;0;0;0;0;0;0;0;0;0;0;0;0;0;0;0;0;0;0
43673;sta.lu;pri;l2;pril2-1;37;12,15;0,50625;13;6;0,162162162;1;2;5;6;4;0;0;0;0;0;0;0;0;2;2;0;1;1;0;0;0;0;0;1;1;0;0;0;0;0;0;0;1;0;1;1;0;1;0;0;0;0;0;0;0;0
43673;sta.lu;pri;l2;pril2-2;43;12,23;0,509583333;13;21;0,488372093;1;1;4;21;10;0;0;0;0;0;0;0;0;6;2;2;4;0;0;0;0;0;0;0;0;0;0;0;0;0;0;0;0;0;0;0;0;0;0;0;1;1;1;0;0;0
43673;sta.lu;pri;l2;pril2-3;33;12,31;0,512916667;13;6;0,181818182;1;1;4;6;5;0;0;0;0;0;0;0;0;5;3;3;1;1;0;0;0;0;0;0;0;0;0;0;0;0;0;0;0;0;0;0;0;0;0;0;0;0;0;0;0;0
43673;sta.lu;pri;l2;pril2-4;45;11,58;0,4825;13;16;0,355555556;1;1;4;16;7;0;0;0;0;0;0;0;0;4;2;2;2;0;0;0;0;0;0;0;0;0;0;0;0;0;0;0;0;0;1;1;0;0;1;0;0;0;0;0;0;0
43673;sta.lu;pri;l2;pril2-5;43;12,06;0,5025;13;14;0,325581395;2;2;5;13;7;0;0;0;0;0;0;0;0;4;2;2;0;2;0;0;0;0;0;0;0;0;0;0;0;0;0;0;0;0;1;1;0;0;1;0;0;0;0;0;0;0
43673;sta.lu;pri;l2;pril2-6;58;11,4;0,475;13;6;0,103448276;1;1;4;6;4;0;0;0;0;0;0;0;0;6;3;1;2;3;0;0;0;0;0;0;0;0;0;0;0;0;0;0;0;0;0;0;0;0;0;0;0;0;0;0;0;0
43673;sta.lu;pri;l2;pril2-7;30;11,48;0,478333333;13;3;0,1;1;1;2;3;2;0;0;0;0;0;0;0;0;1;1;0;0;1;0;0;0;0;0;0;0;0;0;0;0;0;0;0;0;0;0;0;0;0;0;0;0;0;0;0;0;0
43673;sta.lu;sj;l5;sj5-1;52;12,5;0,520833333;15;0;0;0;1;2;0;0;0;0;0;0;0;0;0;0;0;0;0;0;0;0;0;0;0;0;1;1;0;0;0;0;0;1;0;0;0;0;0;0;0;0;0;0;0;0;0;0;0
43673;sta.lu;sj;l5;sj5-2;35;12,57;0,52375;15;11;0,314285714;1;2;2;11;7;0;0;0;0;0;0;0;0;0;0;0;0;0;0;0;0;0;0;1;1;0;0;0;0;0;1;0;0;0;0;0;0;0;0;0;0;0;0;0;0;0
43673;sta.lu;sj;l5;sj5-3;58;13,05;0,54375;15;18;0,310344828;1;1;1;18;6;0;0;0;0;0;0;0;0;0;0;0;0;0;0;0;0;0;0;0;0;0;0;0;0;0;0;0;0;0;0;0;0;0;0;0;0;0;0;0;0;0
43673;sta.lu;sj;l5;sj5-4;59;13,16;0,548333333;15;13;0,220338983;2;2;3;12;6;0;0;0;0;0;0;0;0;1;1;1;0;0;0;0;0;0;1;1;1;0;0;0;0;0;0;1;1;0;0;0;0;0;0;0;0;0;0;0;0;0
43673;sta.lu;sj;l5;sj5-5;56;13,24;0,551666667;15;13;0,232142857;1;1;2;13;7;0;0;0;0;0;0;0;0;1;1;0;1;0;0;0;0;0;0;0;0;0;0;0;0;0;0;0;0;0;0;0;0;0;0;0;0;0;0;0;0;0
43673;sta.lu;sj;l5;sj5-6;43;13,35;0,55625;14;14;0,325581395;1;1;1;14;7;0;0;0;0;0;0;0;0;0;0;0;0;0;0;0;0;0;0;0;0;0;0;0;0;0;0;0;0;0;0;0;0;0;0;0;0;0;0;0;0;0
43673;sta.lu;sj;l5;sj5-7;43;13,43;0,559583333;14;3;0,069767442;1;1;2;3;3;0;0;0;0;0;0;0;0;1;1;0;1;0;0;0;0;0;0;0;0;0;0;0;0;0;0;0;0;0;0;0;0;0;0;0;0;0;0;0;0;0
43674;sta.lu;sj;l4;sj4-1;51;11,4;0,475;14;7;0,137254902;1;1;1;7;4;0;0;0;0;0;0;0;0;0;0;0;0;0;0;0;0;0;0;0;0;0;0;0;0;0;0;0;0;0;0;0;0;0;0;0;0;0;0;0;0;0
43674;sta.lu;sj;l4;sj4-2;51;11,12;0,463333333;14;19;0,37254902;1;1;1;14;9;0;0;0;0;0;0;0;0;0;0;0;0;0;0;0;0;0;0;0;0;0;0;0;0;0;0;0;0;0;0;0;0;0;0;0;0;0;0;0;0;0
43674;sta.lu;sj;l4;sj4-3;49;10,46;0,435833333;14;1;0,020408163;1;1;4;1;1;0;0;0;0;0;0;0;0;4;3;1;2;1;0;0;0;0;0;0;0;0;0;0;0;0;0;0;0;0;0;0;0;0;0;0;0;0;0;0;0;0
43674;sta.lu;sj;l4;sj4-4;52;10,57;0,440416667;14;5;0,096153846;1;1;2;5;2;0;0;0;0;0;0;0;0;1;1;1;0;0;0;0;0;0;0;0;0;0;0;0;0;0;0;0;0;0;0;0;0;0;0;0;0;0;0;0;0;0
43674;sta.lu;sj;l4;sj4-5;48;10,21;0,425416667;13;1;0,020833333;1;1;3;1;1;0;0;0;0;0;0;0;0;2;2;1;1;0;0;0;0;0;0;0;0;0;0;0;0;0;0;0;0;0;0;0;0;0;0;0;0;0;0;0;0;0
43674;sta.lu;sj;l4;sj4-6;43;10,28;0,428333333;13;0;0;0;0;1;0;0;0;0;0;0;0;0;0;0;2;1;0;2;0;0;0;0;0;0;0;0;0;0;0;0;0;0;0;0;0;0;0;0;0;0;0;0;0;0;0;0;0
43674;sta.lu;sj;l4;sj4-7;60;10,32;0,43;13;4;0,066666667;1;1;3;4;2;0;0;0;0;0;0;0;0;5;2;1;4;0;0;0;0;0;0;0;0;0;0;0;0;0;0;0;0;0;0;0;0;0;0;0;0;0;0;0;0;0
43674;sta.lu;sj;l1;sj1-1;40;11,35;0,472916667;14;7;0,175;1;1;1;7;4;0;0;0;0;0;0;0;0;0;0;0;0;0;0;0;0;0;0;0;0;0;0;0;0;0;0;0;0;0;0;0;0;0;0;0;0;0;0;0;0;0
43674;sta.lu;sj;l1;sj1-2;42;11,42;0,475833333;14;8;0,19047619;1;1;1;8;6;0;0;0;0;0;0;0;0;0;0;0;0;0;0;0;0;0;0;0;0;0;0;0;0;0;0;0;0;0;0;0;0;0;0;0;0;0;0;0;0;0
43674;sta.lu;sj;l1;sj1-3;35;11,52;0,48;14;5;0,142857143;1;1;1;5;5;0;0;0;0;0;0;0;0;0;0;0;0;0;0;0;0;0;0;0;0;0;0;0;0;0;0;0;0;0;0;0;0;0;0;0;0;0;0;0;0;0
43674;sta.lu;sj;l1;sj1-4;40;12,02;0,500833333;15;5;0,125;1;1;1;5;5;0;0;0;0;0;0;0;0;0;0;0;0;0;0;0;0;0;0;0;0;0;0;0;0;0;0;0;0;0;0;0;0;0;0;0;0;0;0;0;0;0
43674;sta.lu;sj;l1;sj1-5;36;12,2;0,508333333;15;12;0,333333333;2;2;2;9;6;3;2;0;0;0;0;0;0;0;0;0;0;0;0;0;0;0;0;0;0;0;0;0;0;0;0;0;0;0;0;0;0;0;0;0;0;0;0;0;0;0
43674;sta.lu;sj;l1;sj1-6;55;12,29;0,512083333;15;15;0,272727273;1;1;1;15;15;0;0;0;0;0;0;0;0;0;0;0;0;0;0;0;0;0;0;0;0;0;0;0;0;0;0;0;0;0;0;0;0;0;0;0;0;0;0;0;0;0
43674;sta.lu;sj;l1;sj1-7;51;12,37;0,515416667;15;2;0,039215686;1;1;1;2;2;0;0;0;0;0;0;0;0;0;0;0;0;0;0;0;0;0;0;0;0;0;0;0;0;0;0;0;0;0;0;0;0;0;0;0;0;0;0;0;0;0
43674;sta.lu;sj;l2;sj2-1;51;13,04;0,543333333;15;2;0,039215686;1;1;1;2;1;0;0;0;0;0;0;0;0;0;0;0;0;0;0;0;0;0;0;0;0;0;0;0;0;0;0;0;0;0;0;0;0;0;0;0;0;0;0;0;0;0
43674;sta.lu;sj;l2;sj2-2;59;13,12;0,546666667;15;16;0,271186441;1;1;1;16;10;0;0;0;0;0;0;0;0;0;0;0;0;0;0;0;0;0;0;0;0;0;0;0;0;0;0;0;0;0;0;0;0;0;0;0;0;0;0;0;0;0
43674;sta.lu;sj;l2;sj2-3;32;13,23;0,55125;15;11;0,34375;1;1;2;11;10;0;0;0;0;0;0;0;0;1;1;0;1;0;0;0;0;0;0;0;0;0;0;0;0;0;0;0;0;0;0;0;0;0;0;0;0;0;0;0;0;0
43674;sta.lu;sj;l2;sj2-4;50;13,3;0,554166667;15;10;0,2;1;1;1;10;4;0;0;0;0;0;0;0;0;0;0;0;0;0;0;0;0;0;0;0;0;0;0;0;0;0;0;0;0;0;0;0;0;0;0;0;0;0;0;0;0;0
43674;sta.lu;sj;l2;sj2-5;52;13,41;0,55875;15;6;0,115384615;1;1;1;6;2;0;0;0;0;0;0;0;0;0;0;0;0;0;0;0;0;0;0;0;0;0;0;0;0;0;0;0;0;0;0;0;0;0;0;0;0;0;0;0;0;0
43674;sta.lu;sj;l2;sj2-6;53;13,5;0,5625;16;7;0,132075472;1;1;1;7;3;0;0;0;0;0;0;0;0;0;0;0;0;0;0;0;0;0;0;0;0;0;0;0;0;0;0;0;0;0;0;0;0;0;0;0;0;0;0;0;0;0
43674;sta.lu;sj;l2;sj2-7;36;13,57;0,565416667;16;9;0,25;1;1;1;9;5;0;0;0;0;0;0;0;0;0;0;0;0;0;0;0;0;0;0;0;0;0;0;0;0;0;0;0;0;0;0;0;0;0;0;0;0;0;0;0;0;0
43674;sta.lu;sj;l3;sj3-1;49;14,16;0,59;16;11;0,224489796;1;1;1;11;7;0;0;0;0;0;0;0;0;0;0;0;0;0;0;0;0;0;0;0;0;0;0;0;0;0;0;0;0;0;0;0;0;0;0;0;0;0;0;0;0;0
43674;sta.lu;sj;l3;sj3-2;45;14,23;0,592916667;16;2;0,044444444;1;1;1;2;2;0;0;0;0;0;0;0;0;0;0;0;0;0;0;0;0;0;0;0;0;0;0;0;0;0;0;0;0;0;0;0;0;0;0;0;0;0;0;0;0;0
43674;sta.lu;sj;l3;sj3-3;33;14,32;0,596666667;16;7;0,212121212;1;2;2;7;4;0;0;0;0;0;0;0;0;0;0;0;0;0;0;0;0;0;0;1;1;0;0;0;0;0;0;0;1;0;0;0;0;0;0;0;0;0;0;0;0;0
43674;sta.lu;sj;l3;sj3-4;44;14,54;0,605833333;16;5;0,113636364;1;2;2;5;3;0;0;0;0;0;0;0;0;0;0;0;0;0;0;0;0;0;0;1;1;0;0;0;0;0;1;0;0;0;0;0;0;0;0;0;0;0;0;0;0;0
43674;sta.lu;sj;l3;sj3-5;47;14,46;0,6025;16;6;0,127659574;1;1;1;6;3;0;0;0;0;0;0;0;0;0;0;0;0;0;0;0;0;0;0;0;0;0;0;0;0;0;0;0;0;0;0;0;0;0;0;0;0;0;0;0;0;0
43674;sta.lu;sj;l3;sj3-6;35;15,04;0,626666667;16;5;0,142857143;1;1;1;5;2;0;0;0;0;0;0;0;0;0;0;0;0;0;0;0;0;0;0;0;0;0;0;0;0;0;0;0;0;0;0;0;0;0;0;0;0;0;0;0;0;0
43674;sta.lu;sj;l3;sj3-7;37;15,12;0,63;16;5;0,135135135;1;1;1;5;3;0;0;0;0;0;0;0;0;0;0;0;0;0;0;0;0;0;0;0;0;0;0;0;0;0;0;0;0;0;0;0;0;0;0;0;0;0;0;0;0;0
43677;tda;pri;l6;pril6-1;78;10,23;0,42625;15;2;0,025641026;1;1;1;2;2;0;0;0;0;0;0;0;0;0;0;0;0;0;0;0;0;0;0;0;0;0;0;0;0;0;0;0;0;0;0;0;0;0;0;0;0;0;0;0;0;0
43677;tda;pri;l6;pril6-2;50;10,32;0,43;15;7;0,14;1;1;1;7;3;0;0;0;0;0;0;0;0;0;0;0;0;0;0;0;0;0;0;0;0;0;0;0;0;0;0;0;0;0;0;0;0;0;0;0;0;0;0;0;0;0
43677;tda;pri;l6;pril6-3;91;10,41;0,43375;15;16;0,175824176;1;2;3;16;8;0;0;0;0;0;0;0;0;2;1;2;0;0;0;0;0;0;0;1;1;0;0;0;0;0;1;0;0;0;0;0;0;0;0;0;0;0;0;0;0;0
43677;tda;pri;l6;pril6-4;52;10,49;0,437083333;16;10;0,192307692;1;1;1;10;8;0;0;0;0;0;0;0;0;0;0;0;0;0;0;0;0;0;0;0;0;0;0;0;0;0;0;0;0;0;0;0;0;0;0;0;0;0;0;0;0;0
43677;tda;pri;l6;pril6-5;55;10,59;0,44125;17;10;0,181818182;1;2;3;10;5;0;0;0;0;0;0;0;0;1;1;0;1;0;0;0;0;0;0;1;1;0;0;0;0;0;0;0;1;0;0;0;0;0;0;0;0;0;0;0;0;0
43677;tda;pri;l6;pril6-6;53;11,06;0,460833333;17;3;0,056603774;1;1;2;3;2;0;0;0;0;0;0;0;0;1;1;1;0;0;0;0;0;0;0;0;0;0;0;0;0;0;0;0;0;0;0;0;0;0;0;0;0;0;0;0;0;0
43677;tda;pri;l6;pril6-7;69;11,14;0,464166667;17;8;0,115942029;1;1;1;8;3;0;0;0;0;0;0;0;0;2;1;2;0;0;0;0;0;0;0;0;0;0;0;0;0;0;0;0;0;0;0;0;0;0;0;0;0;0;0;0;0;0
43677;tda;pri;l5;pril5-1;59;12,21;0,50875;19;4;0,06779661;1;2;2;4;3;0;0;0;0;0;0;0;0;0;0;0;0;0;0;0;0;0;0;0;0;0;0;0;0;0;0;0;0;0;0;0;0;0;0;0;1;1;0;1;0;0
43677;tda;pri;l5;pril5-2;71;12,31;0,512916667;19;13;0,183098592;1;1;2;13;8;0;0;0;0;0;0;0;0;0;0;0;0;0;0;0;0;0;0;0;0;0;0;0;0;0;0;0;0;0;0;0;0;0;0;0;1;1;1;0;0;0
43677;tda;pri;l5;pril5-3;50;12,41;0,517083333;19;16;0,32;1;1;1;16;8;0;0;0;0;0;0;0;0;0;0;0;0;0;0;0;0;0;0;0;0;0;0;0;0;0;0;0;0;0;0;0;0;0;0;0;0;0;0;0;0;0
43677;tda;pri;l5;pril5-4;63;12,01;0,500416667;19;14;0,222222222;1;1;1;14;4;0;0;0;0;0;0;0;0;0;0;0;0;0;0;0;0;0;0;0;0;0;0;0;0;0;0;0;0;0;0;0;0;0;0;0;0;0;0;0;0;0
43677;tda;pri;l5;pril5-5;46;12,11;0,504583333;19;1;0,02173913;1;2;2;1;1;0;0;0;0;0;0;0;0;0;0;0;0;0;0;0;0;0;0;1;1;0;1;0;0;0;0;0;0;0;0;0;0;0;0;0;0;0;0;0;0;0
43677;tda;pri;l5;pril5-6;51;11,38;0,474166667;18;13;0,254901961;1;1;1;13;6;0;0;0;0;0;0;0;0;0;0;0;0;0;0;0;0;0;0;0;0;0;0;0;0;0;0;0;0;0;0;0;0;0;0;0;0;0;0;0;0;0
43677;tda;pri;l5;pril5-7;71;11,47;0,477916667;18;11;0,154929577;1;3;3;11;7;0;1;0;0;0;0;0;0;0;0;0;0;0;0;0;0;0;0;0;0;0;0;0;0;0;0;0;0;0;0;0;0;0;0;0;0;0;0;1;0;0
43677;tda;pri;l4;pril4-1;74;13,41;0,55875;20;13;0,175675676;1;1;1;13;5;0;0;0;0;0;0;0;0;0;0;0;0;0;0;0;0;0;0;0;0;0;0;0;0;0;0;0;0;0;0;0;0;0;0;0;0;0;0;0;0;0
43677;tda;pri;l4;pril4-2;103;13,5;0,5625;20;11;0,106796117;1;1;3;13;3;0;0;0;0;0;0;0;0;1;1;0;0;1;0;0;0;0;0;0;0;0;0;0;0;0;0;0;0;0;1;1;0;0;1;0;0;0;0;0;0;0
43677;tda;pri;l4;pril4-3;68;14,01;0,58375;20;9;0,132352941;2;2;2;3;2;0;0;0;0;0;0;0;6;2;1;2;0;0;0;0;0;0;0;0;0;0;0;0;0;0;0;0;0;0;0;0;0;0;0;0;0;0;0;0;0;0
43677;tda;pri;l4;pril4-4;63;13,2;0,55;20;14;0,222222222;1;1;1;14;8;0;0;0;0;0;0;0;0;0;0;0;0;0;0;0;0;0;0;0;0;0;0;0;0;0;0;0;0;0;0;0;0;0;0;0;0;0;0;0;0;0
43677;tda;pri;l4;pril4-5;78;13,31;0,554583333;20;10;0,128205128;2;2;4;8;4;0;0;0;0;0;0;0;0;2;2;1;0;1;0;0;0;0;2;1;1;1;0;0;0;0;0;0;0;0;0;0;0;0;0;0;0;0;0;0;0;0
43677;tda;pri;l4;pril4-6;65;14,17;0,590416667;20;7;0,107692308;1;1;1;7;2;0;0;0;0;0;0;0;0;0;0;0;0;0;0;0;0;0;0;0;0;0;0;0;0;0;0;0;0;0;0;0;0;0;0;0;0;0;0;0;0;0
43677;tda;pri;l4;pril4-7;51;14,28;0,595;21;3;0,058823529;1;1;2;3;1;0;0;0;0;0;0;0;0;1;1;1;0;0;0;0;0;0;0;0;0;0;0;0;0;0;0;0;0;0;0;0;0;0;0;0;0;0;0;0;0;0
43677;tda;pri;l2;pril2-1;88;14,56;0,606666667;21;20;0,227272727;1;1;3;20;6;0;0;0;0;0;0;0;0;5;2;4;1;0;0;0;0;0;0;0;0;0;0;0;0;0;0;0;0;0;0;0;0;0;0;0;0;0;0;0;0;0
43677;tda;pri;l2;pril2-2;64;15,07;0,627916667;21;9;0,140625;1;1;3;9;6;0;0;0;0;0;0;0;0;4;2;3;1;0;0;0;0;0;0;0;0;0;0;0;0;0;0;0;0;0;0;0;0;0;0;0;0;0;0;0;0;0
43677;tda;pri;l2;pril2-3;62;15,17;0,632083333;21;19;0,306451613;1;1;1;19;10;0;0;0;0;0;0;0;0;0;0;0;0;0;0;0;0;0;0;0;0;0;0;0;0;0;0;0;0;0;0;0;0;0;0;0;0;0;0;0;0;0
43677;tda;pri;l2;pril2-4;65;15,33;0,63875;21;10;0,153846154;1;1;2;10;5;0;0;0;0;0;0;0;0;1;1;1;0;0;0;0;0;0;0;0;0;0;0;0;0;0;0;0;0;0;0;0;0;0;0;0;0;0;0;0;0;0
43677;tda;pri;l2;pril2-5;56;15,44;0,643333333;20;7;0,125;1;1;4;7;5;0;0;0;0;0;0;0;0;4;2;2;2;0;0;0;0;0;0;0;0;0;0;0;0;0;0;0;0;0;1;1;0;1;0;0;0;0;0;0;0;0
43677;tda;pri;l2;pril2-6;66;15,57;0,64875;20;6;0,090909091;1;2;2;6;4;0;0;0;0;0;0;0;0;0;0;0;0;0;0;0;0;0;0;0;0;0;0;0;0;0;0;0;0;0;0;0;0;0;0;0;1;1;0;1;0;0
43677;tda;pri;l2;pril2-7;63;16,07;0,669583333;20;13;0,206349206;1;1;3;13;6;0;0;0;0;0;0;0;0;0;0;0;0;0;0;0;0;0;0;0;0;0;0;0;0;0;0;0;0;0;1;1;0;1;0;0;1;1;1;0;0;0
43679;tdb;pri;l1;pril1-1;57;10,49;0,437083333;14;8;0,140350877;1;2;2;8;4;0;0;0;0;0;0;0;0;0;0;0;0;0;0;0;0;0;0;1;1;0;0;1;0;0;0;0;0;0;0;0;0;0;0;0;0;0;0;0;0;0
43679;tdb;pri;l1;pril1-2;62;11;0,458333333;16;5;0,080645161;1;1;1;5;3;0;0;0;0;0;0;0;0;0;0;0;0;0;0;0;0;0;0;0;0;0;0;0;0;0;0;0;0;0;0;0;0;0;0;0;0;0;0;0;0;0
43679;tdb;pri;l1;pril1-3;60;11,11;0,462916667;16;2;0,033333333;1;1;1;2;2;0;0;0;0;0;0;0;0;0;0;0;0;0;0;0;0;0;0;0;0;0;0;0;0;0;0;0;0;0;0;0;0;0;0;0;0;0;0;0;0;0
43679;tdb;pri;l1;pril1-4;66;11,19;0,46625;16;2;0,03030303;1;1;2;2;2;0;0;0;0;0;0;0;0;1;1;1;0;0;0;0;0;0;0;0;0;0;0;0;0;0;0;0;0;0;0;0;0;0;0;0;0;0;0;0;0;0
43679;tdb;pri;l1;pril1-5;64;11,27;0,469583333;16;7;0,109375;1;1;2;7;3;0;0;0;0;0;0;0;0;1;1;0;1;0;0;0;0;0;0;0;0;0;0;0;0;0;0;0;0;0;0;0;0;0;0;0;0;0;0;0;0;0
43679;tdb;pri;l1;pril1-6;53;11,37;0,47375;16;0;0;0;0;1;0;0;0;0;0;0;0;0;0;0;0;0;0;0;0;0;0;0;0;0;0;0;0;0;0;0;0;0;0;0;0;0;0;0;0;0;0;0;0;0;0;0;0
43679;tdb;pri;l1;pril1-7;65;11,46;0,4775;16;2;0,030769231;1;1;2;2;2;0;0;0;0;0;0;0;0;1;1;1;0;0;0;0;0;0;0;0;0;0;0;0;0;0;0;0;0;0;0;0;0;0;0;0;0;0;0;0;0;0
43679;tdb;pri;l6;pril6-1;61;12;0,5;16;0;0;0;0;1;0;0;0;0;0;0;0;0;0;0;0;0;0;0;0;0;0;0;0;0;0;0;0;0;0;0;0;0;0;0;0;0;0;0;0;0;0;0;0;0;0;0;0
43679;tdb;pri;l6;pril6-2;61;12,1;0,504166667;16;6;0,098360656;2;2;4;3;2;0;0;3;1;0;0;0;0;1;1;1;0;0;0;0;0;0;0;0;0;0;0;0;0;0;0;0;0;0;1;1;1;0;0;0;0;0;0;0;0;0
43679;tdb;pri;l6;pril6-3;64;12,44;0,518333333;17;21;0,328125;1;1;3;21;10;0;0;0;0;0;0;0;0;1;1;1;0;0;0;0;0;0;0;0;0;0;0;0;0;0;0;0;0;0;0;0;0;0;0;0;1;1;1;0;0;0
43679;tdb;pri;l6;pril6-4;49;12,36;0,515;17;4;0,081632653;1;1;2;4;4;0;0;0;0;0;0;0;0;0;0;0;0;0;0;0;0;0;0;0;0;0;0;0;0;0;0;0;0;0;0;0;0;0;0;0;1;1;1;0;0;0
43679;tdb;pri;l6;pril6-5;69;12,29;0,512083333;17;1;0,014492754;1;1;2;1;1;0;0;0;0;0;0;0;0;1;1;1;0;0;0;0;0;0;0;0;0;0;0;0;0;0;0;0;0;0;0;0;0;0;0;0;0;0;0;0;0;0
43679;tdb;pri;l6;pril6-6;52;13,04;0,543333333;18;2;0,038461538;1;1;3;2;2;0;0;0;0;0;0;0;0;4;2;3;1;0;0;0;0;0;0;0;0;0;0;0;0;0;0;0;0;0;0;0;0;0;0;0;0;0;0;0;0;0
43679;tdb;pri;l6;pril6-7;50;12,56;0,523333333;17;5;0,1;1;1;3;5;3;0;0;0;0;0;0;0;0;4;2;3;0;0;1;0;0;0;0;0;0;0;0;0;0;0;0;0;0;0;0;0;0;0;0;0;0;0;0;0;0;0
43679;tdb;sj;l1;sj1-1;52;13,56;0,565;18;27;0,519230769;1;1;1;27;7;0;0;0;0;0;0;0;0;0;0;0;0;0;0;0;0;0;0;0;0;0;0;0;0;0;0;0;0;0;0;0;0;0;0;0;0;0;0;0;0;0
43679;tdb;sj;l1;sj1-2;77;13,43;0,559583333;18;22;0,285714286;2;2;2;22;19;0;0;3;1;0;0;0;0;0;0;0;0;0;0;0;0;0;0;0;0;0;0;0;0;0;0;0;0;0;0;0;0;0;0;0;0;0;0;0;0;0
43679;tdb;sj;l1;sj1-3;56;14,27;0,594583333;18;3;0,053571429;1;1;1;3;3;0;0;0;0;0;0;0;0;0;0;0;0;0;0;0;0;0;0;0;0;0;0;0;0;0;0;0;0;0;0;0;0;0;0;0;0;0;0;0;0;0
43679;tdb;sj;l1;sj1-4;59;14,19;0,59125;18;12;0,203389831;1;1;1;12;5;0;0;0;0;0;0;0;0;0;0;0;0;0;0;0;0;0;0;0;0;0;0;0;0;0;0;0;0;0;0;0;0;0;0;0;0;0;0;0;0;0
43679;tdb;sj;l1;sj1-5;75;14,11;0,587916667;18;4;0,053333333;1;1;1;4;3;0;0;0;0;0;0;0;0;0;0;0;0;0;0;0;0;0;0;0;0;0;0;0;0;0;0;0;0;0;0;0;0;0;0;0;0;0;0;0;0;0
43679;tdb;sj;l1;sj1-6;52;14,53;0,605416667;18;11;0,211538462;2;2;2;9;6;2;1;0;0;0;0;0;0;0;0;0;0;0;0;0;0;0;0;0;0;0;0;0;0;0;0;0;0;0;0;0;0;0;0;0;0;0;0;0;0;0
43679;tdb;sj;l1;sj1-7;65;14,42;0,600833333;18;3;0,046153846;1;2;3;3;2;0;0;0;0;0;0;0;0;0;0;0;0;0;0;0;0;0;0;0;0;0;0;0;0;0;0;0;0;0;1;1;1;0;0;0;0;0;0;0;0;1
43679;tdb;pri;l2;pril2-1;81;15,23;0,634583333;18;13;0,160493827;1;1;2;13;7;0;0;0;0;0;0;0;0;1;1;1;0;0;0;0;0;0;0;0;0;0;0;0;0;0;0;0;0;0;0;0;0;0;0;0;0;0;0;0;0;0
43679;tdb;pri;l2;pril2-2;68;15,15;0,63125;18;9;0,132352941;1;1;2;9;6;0;0;0;0;0;0;0;0;1;1;1;0;0;0;0;0;0;0;0;0;0;0;0;0;0;0;0;0;0;0;0;0;0;0;0;0;0;0;0;0;0
43679;tdb;pri;l2;pril2-3;47;15,51;0,64625;18;8;0,170212766;1;1;2;8;1;0;0;0;0;0;0;0;0;1;1;1;0;0;0;0;0;0;0;0;0;0;0;0;0;0;0;0;0;0;0;0;0;0;0;0;0;0;0;0;0;0
43679;tdb;pri;l2;pril2-4;93;15,44;0,643333333;18;23;0,247311828;1;1;1;23;9;0;0;0;0;0;0;0;0;0;0;0;0;0;0;0;0;0;0;0;0;0;0;0;0;0;0;0;0;0;0;0;0;0;0;0;0;0;0;0;0;0
43679;tdb;pri;l2;pril2-5;62;15,36;0,64;18;2;0,032258065;1;1;2;2;2;0;0;0;0;0;0;0;0;1;1;1;0;0;0;0;0;0;0;0;0;0;0;0;0;0;0;0;0;0;0;0;0;0;0;0;0;0;0;0;0;0
43679;tdb;pri;l2;pril2-6;66;16,13;0,672083333;18;4;0,060606061;1;1;2;4;3;0;0;0;0;0;0;0;0;2;1;2;0;0;0;0;0;0;0;0;0;0;0;0;0;0;0;0;0;0;0;0;0;0;0;0;0;0;0;0;0;0
43679;tdb;pri;l2;pril2-7;89;16,05;0,66875;18;6;0,06741573;1;1;1;6;5;0;0;0;0;0;0;0;0;0;0;0;0;0;0;0;0;0;0;0;0;0;0;0;0;0;0;0;0;0;0;0;0;0;0;0;0;0;0;0;0;0
43680;tdb;sj;l6;sj6-1;58;11,15;0,464583333;14;3;0,051724138;1;2;2;3;3;0;0;0;0;0;0;0;0;0;0;0;0;0;0;0;0;0;0;0;0;0;0;0;0;0;0;0;0;0;0;0;0;0;0;0;0;0;0;0;0;1
43680;tdb;sj;l6;sj6-2;61;11,37;0,47375;14;5;0,081967213;1;1;3;5;3;0;0;0;0;0;0;0;0;0;0;0;0;0;0;0;0;0;0;0;0;0;0;0;0;0;0;0;0;0;1;1;1;0;0;0;1;1;1;0;0;0
43680;tdb;sj;l6;sj6-3;62;10,49;0,437083333;13;13;0,209677419;1;1;1;13;8;0;0;0;0;0;0;0;0;0;0;0;0;0;0;0;0;0;0;0;0;0;0;0;0;0;0;0;0;0;0;0;0;0;0;0;0;0;0;0;0;0
43680;tdb;sj;l6;sj6-4;49;10,57;0,440416667;14;5;0,102040816;1;1;1;5;4;0;0;0;0;0;0;0;0;0;0;0;0;0;0;0;0;0;0;0;0;0;0;0;0;0;0;0;0;0;0;0;0;0;0;0;0;0;0;0;0;0
43680;tdb;sj;l6;sj6-5;53;11,05;0,460416667;14;6;0,113207547;1;1;1;6;3;0;0;0;0;0;0;0;0;0;0;0;0;0;0;0;0;0;0;0;0;0;0;0;0;0;0;0;0;0;0;0;0;0;0;0;0;0;0;0;0;0
43680;tdb;sj;l6;sj6-6;57;10,52;0,438333333;13;14;0,245614035;1;1;1;14;10;0;0;0;0;0;0;0;0;0;0;0;0;0;0;0;0;0;0;0;0;0;0;0;0;0;0;0;0;0;0;0;0;0;0;0;0;0;0;0;0;0
43680;tdb;sj;l6;sj6-7;53;10,4;0,433333333;13;8;0,150943396;1;1;2;8;4;0;0;0;0;0;0;0;0;1;1;0;1;0;0;0;0;0;0;0;0;0;0;0;0;0;0;0;0;0;0;0;0;0;0;0;0;0;0;0;0;0
43680;tdb;sj;l2;sj2-1;73;12,19;0,507916667;14;8;0,109589041;1;2;3;8;2;0;0;0;1;0;0;0;0;0;0;0;0;0;0;0;0;0;0;0;0;0;0;0;0;0;0;0;0;0;0;0;0;0;0;0;1;1;0;1;0;0
43680;tdb;sj;l2;sj2-2;51;12,32;0,513333333;14;12;0,235294118;1;1;1;12;6;0;0;0;0;0;0;0;0;0;0;0;0;0;0;0;0;0;0;0;0;0;0;0;0;0;0;0;0;0;0;0;0;0;0;0;0;0;0;0;0;0
43680;tdb;sj;l2;sj2-3;55;11,54;0,480833333;14;6;0,109090909;1;1;1;6;2;0;0;0;0;0;0;0;0;0;0;0;0;0;0;0;0;0;0;0;0;0;0;0;0;0;0;0;0;0;0;0;0;0;0;0;0;0;0;0;0;0
43680;tdb;sj;l2;sj2-4;60;12,02;0,500833333;14;3;0,05;1;1;1;3;2;0;0;0;0;0;0;0;0;0;0;0;0;0;0;0;0;0;0;0;0;0;0;0;0;0;0;0;0;0;0;0;0;0;0;0;0;0;0;0;0;0
43680;tdb;sj;l2;sj2-5;58;12,1;0,504166667;14;6;0,103448276;1;1;2;6;2;0;0;0;0;0;0;0;0;1;1;1;0;0;0;0;0;0;0;0;0;0;0;0;0;0;0;0;0;0;0;0;0;0;0;0;0;0;0;0;0;0
43680;tdb;sj;l2;sj2-6;61;11,37;0,47375;14;10;0,163934426;1;1;1;10;2;0;0;0;0;0;0;0;0;0;0;0;0;0;0;0;0;0;0;0;0;0;0;0;0;0;0;0;0;0;0;0;0;0;0;0;0;0;0;0;0;0
43680;tdb;sj;l2;sj2-7;61;11,46;0,4775;14;0;0;0;0;1;0;0;0;0;0;0;0;0;0;0;0;0;0;0;0;0;0;0;0;0;0;0;0;0;0;0;0;0;0;0;0;0;0;0;0;0;0;0;0;0;0;0;0
43680;tdb;sj;l3;sj3-1;55;13,09;0,545416667;15;1;0,018181818;1;1;2;1;1;0;0;0;0;0;0;0;0;0;0;0;0;0;0;0;0;0;0;0;0;0;0;0;0;0;0;0;0;0;1;1;0;0;1;0;0;0;0;0;0;0
43680;tdb;sj;l3;sj3-2;52;13,21;0,550416667;15;0;0;0;0;1;0;0;0;0;0;0;0;0;0;0;0;0;0;0;0;0;0;0;0;0;0;0;0;0;0;0;0;0;0;0;0;0;0;0;0;0;0;0;0;0;0;0;0
43680;tdb;sj;l3;sj3-3;48;13,39;0,557916667;16;4;0,083333333;1;1;1;4;4;0;0;0;0;0;0;0;0;0;0;0;0;0;0;0;0;0;0;0;0;0;0;0;0;0;0;0;0;0;0;0;0;0;0;0;0;0;0;0;0;0
43680;tdb;sj;l3;sj3-4;76;13,3;0,554166667;16;10;0,131578947;1;1;1;10;7;0;0;0;0;0;0;0;0;0;0;0;0;0;0;0;0;0;0;0;0;0;0;0;0;0;0;0;0;0;0;0;0;0;0;0;0;0;0;0;0;0
43680;tdb;sj;l3;sj3-5;65;13,48;0,561666667;16;2;0,030769231;1;1;1;2;2;0;0;0;0;0;0;0;0;0;0;0;0;0;0;0;0;0;0;0;0;0;0;0;0;0;0;0;0;0;0;0;0;0;0;0;0;0;0;0;0;0
43680;tdb;sj;l3;sj3-6;49;13,57;0,565416667;17;5;0,102040816;1;1;2;5;2;0;0;0;0;0;0;0;0;0;0;0;0;0;0;0;0;0;0;0;0;0;0;0;0;0;0;0;0;0;1;1;0;0;1;0;0;0;0;0;0;0
43680;tdb;sj;l3;sj3-7;50;14,06;0,585833333;17;1;0,02;1;1;1;1;1;0;0;0;0;0;0;0;0;0;0;0;0;0;0;0;0;0;0;0;0;0;0;0;0;0;0;0;0;0;0;0;0;0;0;0;0;0;0;0;0;0
43680;tdb;sj;l4;sj4-1;50;14,31;0,59625;17;8;0,16;1;2;2;8;3;0;0;0;1;0;0;0;0;0;0;0;0;0;0;0;0;0;0;0;0;0;0;0;0;0;0;0;0;0;0;0;0;0;0;0;0;0;0;0;0;0
43680;tdb;sj;l4;sj4-2;55;14,44;0,601666667;17;11;0,2;1;1;1;11;5;0;0;0;0;0;0;0;0;0;0;0;0;0;0;0;0;0;0;0;0;0;0;0;0;0;0;0;0;0;0;0;0;0;0;0;0;0;0;0;0;0
43680;tdb;sj;l4;sj4-3;66;14,57;0,607083333;17;7;0,106060606;1;1;1;7;4;0;0;0;0;0;0;0;0;0;0;0;0;0;0;0;0;0;0;0;0;0;0;0;0;0;0;0;0;0;0;0;0;0;0;0;0;0;0;0;0;0
43680;tdb;sj;l4;sj4-4;43;15,08;0,628333333;17;4;0,093023256;1;1;1;4;2;0;0;0;0;0;0;0;0;0;0;0;0;0;0;0;0;0;0;0;0;0;0;0;0;0;0;0;0;0;0;0;0;0;0;0;0;0;0;0;0;0
43680;tdb;sj;l4;sj4-5;50;15,57;0,64875;17;12;0,24;1;2;2;12;7;0;1;0;0;0;0;0;0;0;0;0;0;0;0;0;0;0;0;0;0;0;0;0;0;0;0;0;0;0;0;0;0;0;0;0;0;0;0;0;0;0
43680;tdb;sj;l4;sj4-6;66;15,47;0,644583333;17;4;0,060606061;1;1;1;4;3;0;0;0;0;0;0;0;0;0;0;0;0;0;0;0;0;0;0;0;0;0;0;0;0;0;0;0;0;0;0;0;0;0;0;0;0;0;0;0;0;0
43680;tdb;sj;l4;sj4-7;62;15,3;0,6375;17;11;0,177419355;2;2;2;9;7;2;2;0;0;0;0;0;0;0;0;0;0;0;0;0;0;0;0;0;0;0;0;0;0;0;0;0;0;0;0;0;0;0;0;0;0;0;0;0;0;0
43681;tda;pri;l1;pril1-1;74;11,48;0,478333333;14;1;0,013513514;1;1;1;1;1;0;0;0;0;0;0;0;0;0;0;0;0;0;0;0;0;0;0;0;0;0;0;0;0;0;0;0;0;0;0;0;0;0;0;0;0;0;0;0;0;0
43681;tda;pri;l1;pril1-2;72;11,48;0,478333333;14;11;0,152777778;1;1;2;11;5;0;0;0;0;0;0;0;0;1;1;1;0;0;0;0;0;0;0;0;0;0;0;0;0;0;0;0;0;0;0;0;0;0;0;0;0;0;0;0;0;0
43681;tda;pri;l1;pril1-3;68;11,57;0,482083333;14;7;0,102941176;1;1;3;7;4;0;0;0;0;0;0;0;0;2;2;1;1;0;0;0;0;0;0;0;0;0;0;0;0;0;0;0;0;0;0;0;0;0;0;0;0;0;0;0;0;0
43681;tda;pri;l1;pril1-4;92;11,24;0,468333333;13;15;0,163043478;1;1;1;15;3;0;0;0;0;0;0;0;0;0;0;0;0;0;0;0;0;0;0;0;0;0;0;0;0;0;0;0;0;0;0;0;0;0;0;0;0;0;0;0;0;0
43681;tda;pri;l1;pril1-5;44;11,31;0,47125;14;9;0,204545455;1;1;2;9;6;0;0;0;0;0;0;0;0;1;1;1;0;0;0;0;0;0;0;0;0;0;0;0;0;0;0;0;0;0;0;0;0;0;0;0;0;0;0;0;0;0
43681;tda;pri;l1;pril1-6;71;11,15;0,464583333;13;4;0,056338028;1;1;1;4;2;0;0;0;0;0;0;0;0;0;0;0;0;0;0;0;0;0;0;0;0;0;0;0;0;0;0;0;0;0;0;0;0;0;0;0;0;0;0;0;0;0
43681;tda;pri;l1;pril1-7;76;17,07;0,71125;13;13;0,171052632;1;1;1;13;6;0;0;0;0;0;0;0;0;0;0;0;0;0;0;0;0;0;0;0;0;0;0;0;0;0;0;0;0;0;0;0;0;0;0;0;0;0;0;0;0;0
43681;tda;pri;l2;pril2-1;53;12,27;0,51125;14;10;0,188679245;2;2;3;8;6;2;1;0;0;0;0;0;0;1;1;1;0;0;0;0;0;0;0;0;0;0;0;0;0;0;0;0;0;0;0;0;0;0;0;0;0;0;0;0;0;0
43681;tda;pri;l2;pril2-2;62;12,42;0,5175;13;9;0,14516129;1;1;3;9;7;0;0;0;0;0;0;0;0;3;2;2;1;0;0;0;0;0;0;0;0;0;0;0;0;0;0;0;0;0;0;0;0;0;0;0;0;0;0;0;0;0
43681;tda;pri;l2;pril2-3;64;12,56;0,523333333;16;17;0,265625;1;1;3;17;6;0;0;0;0;0;0;0;0;6;2;5;1;0;0;0;0;0;0;0;0;0;0;0;0;0;0;0;0;0;0;0;0;0;0;0;0;0;0;0;0;0
43681;tda;pri;l2;pril2-4;76;13,03;0,542916667;16;8;0,105263158;1;2;2;8;3;0;1;0;0;0;0;0;0;0;0;0;0;0;0;0;0;0;0;0;0;0;0;0;0;0;0;0;0;0;0;0;0;0;0;0;0;0;0;0;0;0
43681;tda;pri;l2;pril2-5;66;13,14;0,5475;16;16;0,242424242;1;1;3;16;9;0;0;0;0;0;0;0;0;2;2;1;1;0;0;0;0;0;0;0;0;0;0;0;0;0;0;0;0;0;0;0;0;0;0;0;0;0;0;0;0;0
43681;tda;pri;l2;pril2-6;73;13,24;0,551666667;16;7;0,095890411;1;1;1;7;4;0;0;0;0;0;0;0;0;0;0;0;0;0;0;0;0;0;0;0;0;0;0;0;0;0;0;0;0;0;0;0;0;0;0;0;0;0;0;0;0;0
43681;tda;pri;l2;pril2-7;75;13,32;0,555;16;19;0,253333333;1;1;2;19;5;0;0;0;0;0;0;0;0;0;0;0;0;0;0;0;0;0;0;0;0;0;0;0;0;0;0;0;0;0;1;1;0;1;0;0;0;0;0;0;0;0
43681;tda;sj;l1;sj1-1;62;13,49;0,562083333;16;8;0,129032258;1;1;1;8;3;0;0;0;0;0;0;0;0;0;0;0;0;0;0;0;0;0;0;0;0;0;0;0;0;0;0;0;0;0;0;0;0;0;0;0;0;0;0;0;0;0
43681;tda;sj;l1;sj1-2;62;13,59;0,56625;16;3;0,048387097;1;1;1;3;3;0;0;0;0;0;0;0;0;0;0;0;0;0;0;0;0;0;0;0;0;0;0;0;0;0;0;0;0;0;0;0;0;0;0;0;0;0;0;0;0;0
43681;tda;sj;l1;sj1-3;73;14,08;0,586666667;16;2;0,02739726;1;1;1;2;2;0;0;0;0;0;0;0;0;0;0;0;0;0;0;0;0;0;0;0;0;0;0;0;0;0;0;0;0;0;0;0;0;0;0;0;0;0;0;0;0;0
43681;tda;sj;l1;sj1-4;57;14,16;0,59;16;6;0,105263158;1;3;3;6;4;0;1;0;0;0;1;0;0;0;0;0;0;0;0;0;0;0;0;0;0;0;0;0;0;0;0;0;0;0;0;0;0;0;0;0;0;0;0;0;0;0
43681;tda;sj;l1;sj1-5;127;14,29;0,595416667;16;2;0,015748031;1;1;1;2;2;0;0;0;0;0;0;0;0;0;0;0;0;0;0;0;0;0;0;0;0;0;0;0;0;0;0;0;0;0;0;0;0;0;0;0;0;0;0;0;0;0
43681;tda;sj;l1;sj1-6;66;14,36;0,598333333;16;2;0,03030303;1;1;1;2;2;0;0;0;0;0;0;0;0;0;0;0;0;0;0;0;0;0;0;0;0;0;0;0;0;0;0;0;0;0;0;0;0;0;0;0;0;0;0;0;0;0
43681;tda;sj;l1;sj1-7;75;14,48;0,603333333;17;9;0,12;2;2;2;7;5;2;2;0;0;0;0;0;0;0;0;0;0;0;0;0;0;0;0;0;0;0;0;0;0;0;0;0;0;0;0;0;0;0;0;0;0;0;0;0;0;0
43681;tda;pri;l3;pril3-1;58;13,57;0,565416667;17;11;0,189655172;2;2;2;9;6;2;2;0;0;0;0;0;0;0;0;0;0;0;0;0;0;0;0;0;0;0;0;0;0;0;0;0;0;0;0;0;0;0;0;0;0;0;0;0;0;0
43681;tda;pri;l3;pril3-2;79;16,09;0,670416667;17;9;0,113924051;1;2;2;9;6;0;1;0;0;0;0;0;0;0;0;0;0;0;0;0;0;0;0;0;0;0;0;0;0;0;0;0;0;0;0;0;0;0;0;0;0;0;0;0;0;0
43681;tda;pri;l3;pril3-3;74;16,34;0,680833333;17;16;0,216216216;1;1;1;16;5;0;0;0;0;0;0;0;0;0;0;0;0;0;0;0;0;0;0;0;0;0;0;0;0;0;0;0;0;0;0;0;0;0;0;0;0;0;0;0;0;0
43681;tda;pri;l3;pril3-4;58;15,46;0,644166667;17;3;0,051724138;1;1;1;3;2;0;0;0;0;0;0;0;0;0;0;0;0;0;0;0;0;0;0;0;0;0;0;0;0;0;0;0;0;0;0;0;0;0;0;0;0;0;0;0;0;0
43681;tda;pri;l3;pril3-5;83;15,06;0,6275;17;24;0,289156627;1;1;1;24;9;0;0;0;0;0;0;0;0;0;0;0;0;0;0;0;0;0;0;0;0;0;0;0;0;0;0;0;0;0;0;0;0;0;0;0;0;0;0;0;0;0
43681;tda;pri;l3;pril3-6;80;15,15;0,63125;17;19;0,2375;1;1;3;19;9;0;0;0;0;0;0;0;0;1;1;1;0;0;0;0;0;0;0;0;0;0;0;0;0;0;0;0;0;0;2;1;0;2;0;0;0;0;0;0;0;0
43681;tda;pri;l3;pril3-7;75;14,48;0,603333333;17;9;0,12;2;2;2;7;5;2;2;0;0;0;0;0;0;0;0;0;0;0;0;0;0;0;0;0;0;0;0;0;0;0;0;0;0;0;0;0;0;0;0;0;0;0;0;0;0;0
43682;tdb;pri;l3;pril3-1;48;11,21;0,467083333;13;4;0,083333333;1;1;1;4;2;0;0;0;0;0;0;0;0;0;0;0;0;0;0;0;0;0;0;0;0;0;0;0;0;0;0;0;0;0;0;0;0;0;0;0;0;0;0;0;0;0
43682;tdb;pri;l3;pril3-2;52;11,29;0,470416667;14;7;0,134615385;2;3;3;6;3;0;1;1;1;0;0;0;0;0;0;0;0;0;0;0;0;0;0;1;1;0;1;0;0;0;0;0;0;0;0;0;0;0;0;0;0;0;0;0;0;0
43682;tdb;pri;l3;pril3-3;60;11,04;0,46;13;11;0,183333333;1;1;1;11;6;0;0;0;0;0;0;0;0;0;0;0;0;0;0;0;0;0;0;0;0;0;0;0;0;0;0;0;0;0;0;0;0;0;0;0;0;0;0;0;0;0
43682;tdb;pri;l3;pril3-4;49;11,11;0,462916667;13;4;0,081632653;1;2;3;4;3;0;0;0;0;0;0;0;0;1;1;1;0;0;0;0;0;0;0;1;1;0;0;1;0;0;0;0;0;0;0;0;0;0;0;0;0;0;0;0;0;0
43682;tdb;pri;l3;pril3-5;63;10,39;0,432916667;12;5;0,079365079;1;1;1;5;4;0;0;0;0;0;0;0;0;0;0;0;0;0;0;0;0;0;0;0;0;0;0;0;0;0;0;0;0;0;0;0;0;0;0;0;0;0;0;0;0;0
43682;tdb;pri;l3;pril3-6;49;10,47;0,43625;12;5;0,102040816;1;1;1;5;2;0;0;0;0;0;0;0;0;0;0;0;0;0;0;0;0;0;0;0;0;0;0;0;0;0;0;0;0;0;0;0;0;0;0;0;0;0;0;0;0;0
43682;tdb;pri;l3;pril3-7;59;10,55;0,439583333;12;4;0,06779661;1;2;2;4;1;0;0;0;0;0;0;0;0;0;0;0;0;0;0;1;1;0;0;0;0;0;0;0;0;0;0;0;0;0;0;0;0;0;0;0;1;1;0;1;0;0
43682;tdb;pri;l4;pril4-1;69;11,45;0,477083333;14;11;0,15942029;1;1;1;11;3;0;0;0;0;0;0;0;0;0;0;0;0;0;0;0;0;0;0;0;0;0;0;0;0;0;0;0;0;0;0;0;0;0;0;0;0;0;0;0;0;0
43682;tdb;pri;l4;pril4-2;83;12,08;0,503333333;14;10;0,120481928;1;1;1;10;3;0;0;0;0;0;0;0;0;0;0;0;0;0;0;0;0;0;0;0;0;0;0;0;0;0;0;0;0;0;0;0;0;0;0;0;0;0;0;0;0;0
43682;tdb;pri;l4;pril4-3;47;13;0,541666667;14;3;0,063829787;1;1;1;3;2;0;0;0;0;0;0;0;0;0;0;0;0;0;0;0;0;0;0;0;0;0;0;0;0;0;0;0;0;0;0;0;0;0;0;0;0;0;0;0;0;0
43682;tdb;pri;l4;pril4-4;59;12,47;0,519583333;14;9;0,152542373;2;2;2;8;4;0;0;0;0;0;0;0;0;0;0;0;0;0;0;0;0;0;0;0;0;0;0;0;0;0;0;0;0;0;0;0;0;0;0;0;0;0;0;0;0;0
43682;tdb;pri;l4;pril4-5;61;12,19;0,507916667;14;4;0,06557377;1;1;2;4;3;0;0;0;0;0;0;0;0;1;1;1;0;0;0;0;0;0;0;0;0;0;0;0;0;0;0;0;0;0;0;0;0;0;0;0;0;0;0;0;0;0
43682;tdb;pri;l4;pril4-6;43;13,13;0,547083333;15;2;0,046511628;1;2;2;2;2;0;0;0;0;0;0;0;0;0;0;0;0;0;0;0;1;0;0;0;0;0;0;0;0;0;0;0;0;0;0;0;0;0;0;0;0;0;0;0;0;0
43682;tdb;pri;l4;pril4-7;47;13,25;0,552083333;15;1;0,021276596;1;2;2;1;1;0;0;0;1;0;0;0;0;0;0;0;0;0;0;0;0;0;0;0;0;0;0;0;0;0;0;0;0;0;0;0;0;0;0;0;0;0;0;0;0;0
43682;tdb;pri;l5;pril5-1;44;15,03;0,62625;18;17;0,386363636;1;1;1;14;5;0;0;0;0;0;0;0;0;0;0;0;0;0;0;0;0;0;0;0;0;0;0;0;0;0;0;0;0;0;0;0;0;0;0;0;0;0;0;0;0;0
43682;tdb;pri;l5;pril5-2;61;15,11;0,629583333;18;24;0,393442623;1;1;2;24;6;0;0;0;0;0;0;0;0;1;1;1;0;0;0;0;0;0;0;0;0;0;0;0;0;0;0;0;0;0;0;0;0;0;0;0;0;0;0;0;0;0
43682;tdb;pri;l5;pril5-3;43;15,21;0,63375;18;2;0,046511628;1;2;3;2;1;0;0;0;0;0;0;0;0;1;1;1;0;0;0;0;0;0;0;0;0;0;0;0;0;0;0;0;0;0;0;0;0;0;0;0;0;0;0;0;0;1
43682;tdb;pri;l5;pril5-4;42;14,14;0,589166667;16;14;0,333333333;1;1;2;14;8;0;0;0;0;0;0;0;0;1;1;1;0;0;0;0;0;0;0;0;0;0;0;0;0;0;0;0;0;0;0;0;0;0;0;0;0;0;0;0;0;0
43682;tdb;pri;l5;pril5-5;77;17,23;0,717916667;17;16;0,207792208;2;2;5;15;6;1;1;0;0;0;0;0;0;2;2;1;1;0;0;0;0;0;0;0;0;0;0;0;0;0;0;0;0;0;1;1;0;1;0;0;0;0;0;0;0;0
43682;tdb;pri;l5;pril5-6;54;14,36;0,598333333;17;10;0,185185185;1;1;2;10;2;0;0;0;0;0;0;0;0;1;1;1;0;0;0;0;0;0;0;0;0;0;0;0;0;0;0;0;0;0;0;0;0;0;0;0;0;0;0;0;0;0
43682;tdb;pri;l5;pril5-7;65;14,47;0,602916667;17;2;0,030769231;1;3;3;2;1;0;1;0;1;0;0;0;0;0;0;0;0;0;0;0;0;0;0;0;0;0;0;0;0;0;0;0;0;0;0;0;0;0;0;0;0;0;0;0;0;0
43682;tdb;sj;l5;sj5-1;64;16,27;0,677916667;18;0;0;0;2;2;0;0;0;0;0;0;0;0;0;0;0;0;0;0;0;0;0;0;0;0;0;0;0;0;0;0;0;0;0;0;0;0;0;0;0;0;0;0;0;0;0;0;1
43682;tdb;sj;l5;sj5-2;78;16,35;0,68125;18;12;0,153846154;2;3;3;11;6;0;1;1;1;0;0;0;0;0;0;0;0;0;0;0;0;0;0;0;0;0;0;0;0;0;0;0;0;0;0;0;0;0;0;0;0;0;0;0;0;0
43682;tdb;sj;l5;sj5-3;61;16,44;0,685;18;5;0,081967213;1;1;1;5;2;0;0;0;0;0;0;0;0;0;0;0;0;0;0;0;0;0;0;0;0;0;0;0;0;0;0;0;0;0;0;0;0;0;0;0;0;0;0;0;0;0
43682;tdb;sj;l5;sj5-4;93;16;0,666666667;18;0;0;0;3;3;0;0;0;1;0;1;0;0;0;0;0;0;0;0;0;0;0;1;0;0;0;0;0;0;0;0;0;0;0;0;0;0;0;0;0;0;0;0;0;0;0;0;0
43682;tdb;sj;l5;sj5-5;60;16,11;0,67125;18;5;0,083333333;1;1;1;5;3;0;0;0;0;0;0;0;0;0;0;0;0;0;0;0;0;0;0;0;0;0;0;0;0;0;0;0;0;0;0;0;0;0;0;0;0;0;0;0;0;0
43682;tdb;sj;l5;sj5-6;56;15,38;0,640833333;18;4;0,071428571;1;1;1;4;4;0;0;0;0;0;0;0;0;0;0;0;0;0;0;0;0;0;0;0;0;0;0;0;0;0;0;0;0;0;0;0;0;0;0;0;0;0;0;0;0;0
43682;tdb;sj;l5;sj5-7;59;15,48;0,645;18;0;0;0;2;2;0;0;0;1;0;0;0;0;0;0;0;0;0;0;0;0;0;0;0;0;0;0;0;0;0;0;0;0;0;0;0;0;0;0;0;0;0;0;0;0;0;0;0
43683;tdb;sj;l5;sj5-1;64;10,3;0,429166667;13;0;0;0;1;1;0;0;0;0;0;0;0;0;0;0;0;0;0;0;0;0;0;0;0;0;0;0;0;0;0;0;0;0;0;0;0;0;0;0;0;0;0;0;0;0;0;0;0
43683;tdb;sj;l5;sj5-2;94;10,37;0,432083333;13;4;0,042553191;1;2;2;0;0;0;0;4;1;0;0;0;0;0;0;0;0;0;0;0;0;0;0;0;0;0;0;0;0;0;0;0;0;0;0;0;0;0;0;0;0;0;0;0;0;0
43683;tdb;sj;l5;sj5-3;51;10,47;0,43625;13;9;0,176470588;2;2;2;5;3;4;2;0;0;0;0;0;0;0;0;0;0;0;0;0;0;0;0;0;0;0;0;0;0;0;0;0;0;0;0;0;0;0;0;0;0;0;0;0;0;0
43683;tdb;sj;l5;sj5-4;93;10,55;0,439583333;13;0;0;0;1;1;0;0;0;0;0;0;0;0;0;0;0;0;0;0;0;0;0;0;0;0;0;0;0;0;0;0;0;0;0;0;0;0;0;0;0;0;0;0;0;0;0;0;0
43683;tdb;sj;l5;sj5-5;60;11,02;0,459166667;14;8;0,133333333;2;2;2;7;5;0;0;1;1;0;0;0;0;0;0;0;0;0;0;0;0;0;0;0;0;0;0;0;0;0;0;0;0;0;0;0;0;0;0;0;0;0;0;0;0;0
43683;tdb;sj;l5;sj5-6;60;11,17;0,465416667;13;3;0,05;1;1;1;3;3;0;0;0;0;0;0;0;0;0;0;0;0;0;0;0;0;0;0;0;0;0;0;0;0;0;0;0;0;0;0;0;0;0;0;0;0;0;0;0;0;0
43683;tdb;sj;l5;sj5-7;62;11,09;0,462083333;14;7;0,112903226;1;1;1;7;5;0;0;0;0;0;0;0;0;0;0;0;0;0;0;0;0;0;0;0;0;0;0;0;0;0;0;0;0;0;0;0;0;0;0;0;0;0;0;0;0;0
43683;tdb;pri;l5;pril5-1;53;11,29;0,470416667;15;14;0,264150943;2;3;3;12;7;0;1;2;1;0;0;0;0;0;0;0;0;0;0;0;0;0;0;0;0;0;0;0;0;0;0;0;0;0;0;0;0;0;0;0;0;0;0;0;0;0
43683;tdb;pri;l5;pril5-2;78;11,36;0,473333333;15;4;0,051282051;1;2;2;4;1;0;0;0;1;0;0;0;0;0;0;0;0;0;0;0;0;0;0;0;0;0;0;0;0;0;0;0;0;0;0;0;0;0;0;0;0;0;0;0;0;0
43683;tdb;pri;l5;pril5-3;47;11,45;0,477083333;15;5;0,106382979;2;3;4;4;3;0;0;1;1;0;0;0;0;1;1;1;0;0;0;0;0;0;0;0;0;0;0;0;0;0;0;0;0;0;0;0;0;0;0;0;0;0;0;0;0;1
43683;tdb;pri;l5;pril5-4;53;12,12;0,505;16;11;0,20754717;1;1;2;11;6;0;0;0;0;0;0;0;0;1;1;1;0;0;0;0;0;0;0;0;0;0;0;0;0;0;0;0;0;0;0;0;0;0;0;0;0;0;0;0;0;0
43683;tdb;pri;l5;pril5-5;56;12,22;0,509166667;16;11;0,196428571;1;1;2;11;4;0;0;0;0;0;0;0;0;1;1;1;0;0;0;0;0;0;0;0;0;0;0;0;0;0;0;0;0;0;0;0;0;0;0;0;0;0;0;0;0;0
43683;tdb;pri;l5;pril5-6;59;11,54;0,480833333;16;16;0,271186441;1;2;3;16;8;0;0;0;0;0;0;0;0;1;1;0;1;0;0;0;0;0;0;0;0;0;0;0;0;0;0;0;0;0;0;0;0;0;0;0;1;1;0;1;0;0
43683;tdb;pri;l5;pril5-7;66;12,03;0,50125;16;19;0,287878788;2;2;3;16;8;0;0;0;0;0;0;0;0;1;1;1;0;0;0;0;0;0;0;0;0;0;0;0;0;0;0;0;0;0;0;0;0;0;0;3;1;1;0;1;0;0
43683;tdb;pri;l4;pril4-1;51;14,01;0,58375;18;14;0,274509804;1;1;1;14;7;0;0;0;0;0;0;0;0;0;0;0;0;0;0;0;0;0;0;0;0;0;0;0;0;0;0;0;0;0;0;0;0;0;0;0;0;0;0;0;0;0
43683;tdb;pri;l4;pril4-2;56;14,09;0,587083333;18;13;0,232142857;1;2;2;13;4;0;0;0;0;0;0;0;0;0;0;0;0;0;0;0;1;0;0;0;0;0;0;0;0;0;0;0;0;0;0;0;0;0;0;0;0;0;0;0;0;0
43683;tdb;pri;l4;pril4-3;47;13,46;0,560833333;17;21;0,446808511;1;2;2;21;8;0;0;0;0;0;0;0;0;0;0;0;0;0;0;0;0;0;0;1;1;0;0;0;0;0;1;0;0;0;0;0;0;0;0;0;0;0;0;0;0;0
43683;tdb;pri;l4;pril4-4;53;13,33;0,555416667;17;9;0,169811321;2;4;4;8;3;0;0;0;0;0;0;0;0;0;0;0;0;0;0;1;1;1;0;1;1;0;0;0;0;0;0;0;1;0;0;0;0;0;0;0;0;0;0;0;0;0
43683;tdb;pri;l4;pril4-5;53;13,25;0,552083333;17;1;0,018867925;1;1;1;1;1;0;0;0;0;0;0;0;0;0;0;0;0;0;0;0;0;0;0;0;0;0;0;0;0;0;0;0;0;0;0;0;0;0;0;0;0;0;0;0;0;0
43683;tdb;pri;l4;pril4-6;64;12,56;0,523333333;16;28;0,4375;2;2;2;19;6;0;0;0;0;0;0;0;0;0;0;0;0;0;0;1;1;0;0;0;0;0;0;0;0;0;0;0;0;0;0;0;0;0;0;0;0;0;0;0;0;0
43683;tdb;pri;l4;pril4-7;51;13,06;0,544166667;17;6;0,117647059;1;2;2;6;4;0;0;0;0;0;0;0;0;0;0;0;0;0;0;0;0;0;0;1;1;0;0;0;0;0;1;0;0;0;0;0;0;0;0;0;0;0;0;0;0;0
43683;tdb;pri;l3;pril3-1;45;14,3;0,595833333;18;15;0,333333333;1;2;2;15;7;0;0;0;0;0;0;0;0;0;0;0;0;0;0;0;1;0;0;0;0;0;0;0;0;0;0;0;0;0;0;0;0;0;0;0;0;0;0;0;0;0
43683;tdb;pri;l3;pril3-2;43;14,3;0,595833333;18;6;0,139534884;2;2;2;5;3;0;0;1;1;0;0;0;0;0;0;0;0;0;0;0;0;0;0;0;0;0;0;0;0;0;0;0;0;0;0;0;0;0;0;0;0;0;0;0;0;0
43683;tdb;pri;l3;pril3-3;53;14,47;0,602916667;18;23;0,433962264;2;2;2;21;5;0;0;0;0;0;0;0;0;0;0;0;0;0;0;0;0;0;0;0;0;0;0;0;0;0;0;0;0;0;0;0;0;0;0;2;2;1;0;2;0;0
43683;tdb;pri;l3;pril3-4;57;14,55;0,60625;18;9;0,157894737;1;1;3;9;7;0;0;0;0;0;0;0;0;2;2;1;1;0;0;0;0;0;0;0;0;0;0;0;0;0;0;0;0;0;0;0;0;0;0;0;0;0;0;0;0;0
43683;tdb;pri;l3;pril3-5;50;15,05;0,627083333;19;6;0,12;1;1;1;6;3;0;0;0;0;0;0;0;0;0;0;0;0;0;0;0;0;0;0;0;0;0;0;0;0;0;0;0;0;0;0;0;0;0;0;0;0;0;0;0;0;0
43683;tdb;pri;l3;pril3-6;43;15,12;0,63;19;12;0,279069767;1;2;3;12;8;0;1;0;0;0;0;0;0;1;1;0;1;0;0;0;0;0;0;0;0;0;0;0;0;0;0;0;0;0;0;0;0;0;0;0;0;0;0;0;0;0
43683;tdb;pri;l3;pril3-7;59;15,2;0,633333333;19;16;0,271186441;1;1;2;16;4;0;0;0;0;0;0;0;0;1;1;1;0;0;0;0;0;0;0;0;0;0;0;0;0;0;0;0;0;0;0;0;0;0;0;0;0;0;0;0;0;0
43684;tdb;pri;l1;pril1-1;51;10,11;0,42125;16;9;0,176470588;1;1;1;9;5;0;0;0;0;0;0;0;0;0;0;0;0;0;0;0;0;0;0;0;0;0;0;0;0;0;0;0;0;0;0;0;0;0;0;0;0;0;0;0;0;0
43684;tdb;pri;l1;pril1-2;47;10,19;0,424583333;16;12;0,255319149;1;1;1;12;3;0;0;0;0;0;0;0;0;0;0;0;0;0;0;0;0;0;0;0;0;0;0;0;0;0;0;0;0;0;0;0;0;0;0;0;0;0;0;0;0;0
43684;tdb;pri;l1;pril1-3;53;10,28;0,428333333;16;10;0,188679245;1;2;2;10;4;0;0;0;0;0;0;0;0;0;0;0;0;0;0;0;0;0;0;0;0;0;0;0;0;0;0;0;0;0;0;0;0;0;0;0;1;1;0;1;0;0
43684;tdb;pri;l1;pril1-4;50;10,36;0,431666667;16;4;0,08;1;1;1;4;3;0;0;0;0;0;0;0;0;0;0;0;0;0;0;0;0;0;0;0;0;0;0;0;0;0;0;0;0;0;0;0;0;0;0;0;0;0;0;0;0;0
43684;tdb;pri;l1;pril1-5;54;10,44;0,435;16;4;0,074074074;1;1;1;4;2;0;0;0;0;0;0;0;0;0;0;0;0;0;0;0;0;0;0;0;0;0;0;0;0;0;0;0;0;0;0;0;0;0;0;0;0;0;0;0;0;0
43684;tdb;pri;l1;pril1-6;59;10,53;0,43875;16;0;0;0;1;1;0;0;0;0;0;0;0;0;0;0;0;0;0;0;0;0;0;0;0;0;0;0;0;0;0;0;0;0;0;0;0;0;0;0;0;0;0;0;0;0;0;0;0
43684;tdb;pri;l1;pril1-7;51;11;0,458333333;17;11;0,215686275;1;1;1;11;4;0;0;0;0;0;0;0;0;0;0;0;0;0;0;0;0;0;0;0;0;0;0;0;0;0;0;0;0;0;0;0;0;0;0;0;0;0;0;0;0;0
43684;tdb;pri;l2;pril2-1;47;11,22;0,4675;17;1;0,021276596;1;1;1;1;1;0;0;0;0;0;0;0;0;0;0;0;0;0;0;0;0;0;0;0;0;0;0;0;0;0;0;0;0;0;0;0;0;0;0;0;0;0;0;0;0;0
43684;tdb;pri;l2;pril2-2;59;11,31;0,47125;17;18;0,305084746;1;2;2;18;5;0;0;0;0;0;0;0;0;0;0;0;0;0;0;0;0;0;0;0;0;0;0;0;0;0;0;0;0;0;0;0;0;0;0;0;1;1;1;0;0;0
43684;tdb;pri;l2;pril2-3;49;11,51;0,479583333;17;2;0,040816327;1;1;1;2;2;0;0;0;0;0;0;0;0;0;0;0;0;0;0;0;0;0;0;0;0;0;0;0;0;0;0;0;0;0;0;0;0;0;0;0;0;0;0;0;0;0
43684;tdb;pri;l2;pril2-4;63;11,58;0,4825;17;12;0,19047619;1;1;1;12;8;0;0;0;0;0;0;0;0;0;0;0;0;0;0;0;0;0;0;0;0;0;0;0;0;0;0;0;0;0;0;0;0;0;0;0;0;0;0;0;0;0
43684;tdb;pri;l2;pril2-5;50;12,05;0,502083333;18;8;0,16;1;1;1;8;2;0;0;0;0;0;0;0;0;0;0;0;0;0;0;0;0;0;0;0;0;0;0;0;0;0;0;0;0;0;0;0;0;0;0;0;0;0;0;0;0;0
43684;tdb;pri;l2;pril2-6;65;12,21;0,50875;18;9;0,138461538;1;1;1;9;5;0;0;0;0;0;0;0;0;0;0;0;0;0;0;0;0;0;0;0;0;0;0;0;0;0;0;0;0;0;0;0;0;0;0;0;0;0;0;0;0;0
43684;tdb;pri;l2;pril2-7;53;12,33;0,51375;18;6;0,113207547;1;1;1;6;3;0;0;0;0;0;0;0;0;0;0;0;0;0;0;0;0;0;0;0;0;0;0;0;0;0;0;0;0;0;0;0;0;0;0;0;0;0;0;0;0;0
43684;tdb;sj;l1;sj1-1;54;12,47;0,519583333;18;15;0,277777778;1;1;1;15;4;0;0;0;0;0;0;0;0;0;0;0;0;0;0;0;0;0;0;0;0;0;0;0;0;0;0;0;0;0;0;0;0;0;0;0;0;0;0;0;0;0
43684;tdb;sj;l1;sj1-2;55;12,57;0,52375;18;13;0,236363636;1;2;2;13;6;0;1;0;0;0;0;0;0;0;0;0;0;0;0;0;0;0;0;0;0;0;0;0;0;0;0;0;0;0;0;0;0;0;0;0;0;0;0;0;0;0
43684;tdb;sj;l1;sj1-3;53;13,23;0,55125;19;2;0,037735849;1;1;1;2;0;0;0;0;0;0;0;0;0;0;0;0;0;0;0;0;0;0;0;0;0;0;0;0;0;0;0;0;0;0;0;0;0;0;0;0;0;0;0;0;0;0
43684;tdb;sj;l1;sj1-4;55;13,26;0,5525;19;16;0,290909091;1;2;2;16;8;0;0;0;1;0;0;0;0;0;0;0;0;0;0;0;0;0;0;0;0;0;0;0;0;0;0;0;0;0;0;0;0;0;0;0;0;0;0;0;0;0
43684;tdb;sj;l1;sj1-5;53;13,06;0,544166667;19;2;0,037735849;2;2;2;1;1;1;1;0;0;0;0;0;0;0;0;0;0;0;0;0;0;0;0;0;0;0;0;0;0;0;0;0;0;0;0;0;0;0;0;0;0;0;0;0;0;0
43684;tdb;sj;l1;sj1-6;54;13,4;0,558333333;19;26;0,481481481;2;2;2;22;11;0;0;0;0;0;0;0;0;0;0;0;0;0;0;4;1;0;0;0;0;0;0;0;0;0;0;0;0;0;0;0;0;0;0;0;0;0;0;0;0;0
43684;tdb;sj;l1;sj1-7;48;13,49;0,562083333;19;10;0,208333333;1;1;1;10;5;0;0;0;0;0;0;0;0;0;0;0;0;0;0;0;0;0;0;0;0;0;0;0;0;0;0;0;0;0;0;0;0;0;0;0;0;0;0;0;0;0
43684;tdb;pri;l6;pril6-1;54;14,06;0,585833333;19;21;0,388888889;1;1;2;21;5;0;0;0;0;0;0;0;0;1;1;0;1;0;0;0;0;0;0;0;0;0;0;0;0;0;0;0;0;0;0;0;0;0;0;0;0;0;0;0;0;0
43684;tdb;pri;l6;pril6-2;46;14,16;0,59;19;7;0,152173913;1;1;2;7;4;0;0;0;0;0;0;0;0;2;1;2;0;0;0;0;0;0;0;0;0;0;0;0;0;0;0;0;0;0;0;0;0;0;0;0;0;0;0;0;0;0
43684;tdb;pri;l6;pril6-3;48;14,25;0,59375;19;11;0,229166667;1;1;2;11;4;0;0;0;0;0;0;0;0;1;1;0;1;0;0;0;0;0;0;0;0;0;0;0;0;0;0;0;0;0;0;0;0;0;0;0;0;0;0;0;0;0
43684;tdb;pri;l6;pril6-4;44;14,35;0,597916667;19;13;0,295454545;1;1;1;13;7;0;0;0;0;0;0;0;0;0;0;0;0;0;0;0;0;0;0;0;0;0;0;0;0;0;0;0;0;0;0;0;0;0;0;0;0;0;0;0;0;0
43684;tdb;pri;l6;pril6-5;67;14,44;0,601666667;19;2;0,029850746;1;1;1;2;1;0;0;0;0;0;0;0;0;0;0;0;0;0;0;0;0;0;0;0;0;0;0;0;0;0;0;0;0;0;0;0;0;0;0;0;0;0;0;0;0;0
43684;tdb;pri;l6;pril6-6;49;14,53;0,605416667;19;17;0,346938776;1;1;1;17;11;0;0;0;0;0;0;0;0;0;0;0;0;0;0;0;0;0;0;0;0;0;0;0;0;0;0;0;0;0;0;0;0;0;0;0;0;0;0;0;0;0
43684;tdb;pri;l6;pril6-7;57;15,01;0,625416667;19;10;0,175438596;1;1;1;10;4;0;0;0;0;0;0;0;0;0;0;0;0;0;0;0;0;0;0;0;0;0;0;0;0;0;0;0;0;0;0;0;0;0;0;0;0;0;0;0;0;0
43686;sta.lu;sj;l6;sj6-1;42;12,19;0,507916667;14;7;0,166666667;1;2;2;7;5;0;1;0;0;0;0;0;0;0;0;0;0;0;0;0;0;0;0;0;0;0;0;0;0;0;0;0;0;0;0;0;0;0;0;0;0;0;0;0;0;0
43686;sta.lu;sj;l6;sj6-2;45;12,34;0,514166667;14;6;0,133333333;1;2;2;6;6;0;0;0;1;0;0;0;0;0;0;0;0;0;0;0;0;0;0;0;0;0;0;0;0;0;0;0;0;0;0;0;0;0;0;0;0;0;0;0;0;0
43686;sta.lu;sj;l6;sj6-3;56;12,49;0,520416667;15;14;0,25;2;3;3;12;7;0;0;2;2;0;0;0;0;0;0;0;0;0;0;0;0;0;0;0;0;0;0;0;0;0;0;0;0;0;0;0;0;0;0;0;0;0;0;0;0;0
43686;sta.lu;sj;l6;sj6-4;53;13,02;0,5425;15;5;0,094339623;2;2;2;3;2;0;0;2;1;0;0;0;0;0;0;0;0;0;0;0;0;0;0;0;0;0;0;0;0;0;0;0;0;0;0;0;0;0;0;0;0;0;0;0;0;0
43686;sta.lu;sj;l6;sj6-5;59;13,15;0,547916667;15;14;0,237288136;1;3;3;14;8;0;1;0;0;0;0;0;0;0;0;0;0;0;0;0;0;0;0;0;0;0;0;0;0;0;0;0;0;0;0;0;0;0;0;0;1;1;0;1;0;0
43686;sta.lu;sj;l6;sj6-6;47;13,34;0,555833333;15;3;0,063829787;1;2;2;3;1;0;1;0;0;0;0;0;0;0;0;0;0;0;0;0;0;0;0;0;0;0;0;0;0;0;0;0;0;0;0;0;0;0;0;0;0;0;0;0;0;0
43686;sta.lu;sj;l6;sj6-7;40;13,44;0,56;15;3;0,075;1;2;2;3;3;0;1;0;0;0;0;0;0;0;0;0;0;0;0;0;0;0;0;0;0;0;0;0;0;0;0;0;0;0;0;0;0;0;0;0;0;0;0;0;0;0
43687;tdb;sj;l4;sj4-1;43;11,37;0,47375;14;5;0,11627907;1;2;2;5;4;0;0;0;1;0;0;0;0;0;0;0;0;0;0;0;0;0;0;0;0;0;0;0;0;0;0;0;0;0;0;0;0;0;0;0;0;0;0;0;0;0
43687;tdb;sj;l4;sj4-2;49;11,45;0,477083333;14;7;0,142857143;1;1;1;7;3;0;0;0;0;0;0;0;0;0;0;0;0;0;0;0;0;0;0;0;0;0;0;0;0;0;0;0;0;0;0;0;0;0;0;0;0;0;0;0;0;0
43687;tdb;sj;l4;sj4-3;44;11,17;0,465416667;13;2;0,045454545;1;1;1;2;2;0;0;0;0;0;0;0;0;0;0;0;0;0;0;0;0;0;0;0;0;0;0;0;0;0;0;0;0;0;0;0;0;0;0;0;0;0;0;0;0;0
43687;tdb;sj;l4;sj4-4;52;11,26;0,469166667;14;4;0,076923077;1;1;1;4;3;0;0;0;0;0;0;0;0;0;0;0;0;0;0;0;0;0;0;0;0;0;0;0;0;0;0;0;0;0;0;0;0;0;0;0;0;0;0;0;0;0
43687;tdb;sj;l4;sj4-5;46;10,47;0,43625;13;4;0,086956522;1;1;2;4;1;0;0;0;0;0;0;0;0;1;1;1;0;0;0;0;0;0;0;0;0;0;0;0;0;0;0;0;0;0;0;0;0;0;0;0;0;0;0;0;0;0
43687;tdb;sj;l4;sj4-6;58;10,55;0,439583333;13;1;0,017241379;1;1;1;1;1;0;0;0;0;0;0;0;0;0;0;0;0;0;0;0;0;0;0;0;0;0;0;0;0;0;0;0;0;0;0;0;0;0;0;0;0;0;0;0;0;0
43687;tdb;sj;l4;sj4-7;55;11,02;0,459166667;13;4;0,072727273;1;2;2;4;3;0;0;0;1;0;0;0;0;0;0;0;0;0;0;0;0;0;0;0;0;0;0;0;0;0;0;0;0;0;0;0;0;0;0;0;0;0;0;0;0;0
43687;tdb;sj;l3;sj3-1;51;12;0,5;16;7;0,137254902;1;2;2;7;4;0;0;0;1;0;0;0;0;0;0;0;0;0;0;0;0;0;0;0;0;0;0;0;0;0;0;0;0;0;0;0;0;0;0;0;0;0;0;0;0;0
43687;tdb;sj;l3;sj3-2;49;12,07;0,502916667;16;8;0,163265306;1;2;2;8;2;0;0;0;1;0;0;0;0;0;0;0;0;0;0;0;0;0;0;0;0;0;0;0;0;0;0;0;0;0;0;0;0;0;0;0;0;0;0;0;0;0
43687;tdb;sj;l3;sj3-3;41;12,24;0,51;16;9;0,219512195;2;2;2;7;3;0;0;2;2;0;0;0;0;0;0;0;0;0;0;0;0;0;0;0;0;0;0;0;0;0;0;0;0;0;0;0;0;0;0;0;0;0;0;0;0;0
43687;tdb;sj;l3;sj3-4;48;12,16;0,506666667;16;7;0,145833333;1;1;1;7;4;0;0;0;0;0;0;0;0;0;0;0;0;0;0;0;0;0;0;0;0;0;0;0;0;0;0;0;0;0;0;0;0;0;0;0;0;0;0;0;0;0
43687;tdb;sj;l3;sj3-5;48;12,32;0,513333333;16;7;0,145833333;1;1;1;7;3;0;0;0;0;0;0;0;0;0;0;0;0;0;0;0;0;0;0;0;0;0;0;0;0;0;0;0;0;0;0;0;0;0;0;0;0;0;0;0;0;0
43687;tdb;sj;l3;sj3-6;45;12,4;0,516666667;16;5;0,111111111;1;1;1;5;3;0;0;0;0;0;0;0;0;0;0;0;0;0;0;0;0;0;0;0;0;0;0;0;0;0;0;0;0;0;0;0;0;0;0;0;0;0;0;0;0;0
43687;tdb;sj;l3;sj3-7;54;12,47;0,519583333;16;13;0,240740741;1;1;1;13;5;0;0;0;0;0;0;0;0;0;0;0;0;0;0;0;0;0;0;0;0;0;0;0;0;0;0;0;0;0;0;0;0;0;0;0;0;0;0;0;0;0
43687;tdb;sj;l2;sj2-1;46;13,02;0,5425;17;11;0,239130435;2;2;2;10;5;1;1;0;0;0;0;0;0;0;0;0;0;0;0;0;0;0;0;0;0;0;0;0;0;0;0;0;0;0;0;0;0;0;0;0;0;0;0;0;0;0
43687;tdb;sj;l2;sj2-2;41;13,11;0,54625;17;2;0,048780488;1;1;1;2;2;0;0;0;0;0;0;0;0;0;0;0;0;0;0;0;0;0;0;0;0;0;0;0;0;0;0;0;0;0;0;0;0;0;0;0;0;0;0;0;0;0
43687;tdb;sj;l2;sj2-3;42;13,2;0,55;17;5;0,119047619;1;2;2;5;2;0;0;0;1;0;0;0;0;0;0;0;0;0;0;0;0;0;0;0;0;0;0;0;0;0;0;0;0;0;0;0;0;0;0;0;0;0;0;0;0;0
43687;tdb;sj;l2;sj2-4;43;13,29;0,55375;17;10;0,23255814;1;1;1;10;6;0;0;0;0;0;0;0;0;0;0;0;0;0;0;0;0;0;0;0;0;0;0;0;0;0;0;0;0;0;0;0;0;0;0;0;0;0;0;0;0;0
43687;tdb;sj;l2;sj2-5;52;13,38;0,5575;17;1;0,019230769;1;1;1;1;1;0;0;0;0;0;0;0;0;0;0;0;0;0;0;0;0;0;0;0;0;0;0;0;0;0;0;0;0;0;0;0;0;0;0;0;0;0;0;0;0;0
43687;tdb;sj;l2;sj2-6;42;13,46;0,560833333;17;5;0,119047619;1;1;2;5;3;0;0;0;0;0;0;0;0;1;1;1;0;0;0;0;0;0;0;0;0;0;0;0;0;0;0;0;0;0;0;0;0;0;0;0;0;0;0;0;0;0
43687;tdb;sj;l2;sj2-7;50;13,55;0,564583333;17;1;0,02;1;1;1;1;1;0;0;0;0;0;0;0;0;0;0;0;0;0;0;0;0;0;0;0;0;0;0;0;0;0;0;0;0;0;0;0;0;0;0;0;0;0;0;0;0;0
43687;tdb;sj;l6;sj6-1;41;15,12;0,63;18;17;0,414634146;2;2;2;16;8;0;0;1;1;0;0;0;0;0;0;0;0;0;0;0;0;0;0;0;0;0;0;0;0;0;0;0;0;0;0;0;0;0;0;0;0;0;0;0;0;0
43687;tdb;sj;l6;sj6-2;45;15,19;0,632916667;18;6;0,133333333;1;2;2;6;3;0;0;0;1;0;0;0;0;0;0;0;0;0;0;0;0;0;0;0;0;0;0;0;0;0;0;0;0;0;0;0;0;0;0;0;0;0;0;0;0;0
43687;tdb;sj;l6;sj6-3;48;14,46;0,6025;17;9;0,1875;1;1;2;9;3;0;0;0;0;0;0;0;0;0;0;0;0;0;0;0;0;0;0;0;0;0;0;0;0;0;0;0;0;0;1;1;0;0;1;0;0;0;0;0;0;0
43687;tdb;sj;l6;sj6-4;30;14,53;0,605416667;17;2;0,066666667;1;1;1;2;1;0;0;0;0;0;0;0;0;0;0;0;0;0;0;0;0;0;0;0;0;0;0;0;0;0;0;0;0;0;0;0;0;0;0;0;0;0;0;0;0;0
43687;tdb;sj;l6;sj6-5;45;15;0,625;17;3;0,066666667;1;2;2;3;3;0;0;0;1;0;0;0;0;0;0;0;0;0;0;0;0;0;0;0;0;0;0;0;0;0;0;0;0;0;0;0;0;0;0;0;0;0;0;0;0;0
43687;tdb;sj;l6;sj6-6;43;14,18;0,590833333;17;3;0,069767442;1;2;2;3;2;0;0;0;0;0;0;0;0;0;0;0;0;0;0;0;0;1;0;0;0;0;0;0;0;0;0;0;0;0;0;0;0;0;0;0;0;0;0;0;0;0
43687;tdb;sj;l6;sj6-7;39;14,3;0,595833333;17;2;0,051282051;1;2;2;2;2;0;0;0;0;0;0;0;0;0;0;0;0;0;0;0;0;0;0;1;1;0;0;0;0;0;1;0;0;0;0;0;0;0;0;0;0;0;0;0;0;0
43688;tda;pri;l3;pril3-1;76;10,47;0,43625;13;9;0,118421053;1;1;1;9;3;0;0;0;0;0;0;0;0;0;0;0;0;0;0;0;0;0;0;0;0;0;0;0;0;0;0;0;0;0;0;0;0;0;0;0;0;0;0;0;0;0
43688;tda;pri;l3;pril3-2;53;10,55;0,439583333;13;1;0,018867925;1;1;1;1;1;0;0;0;0;0;0;0;0;0;0;0;0;0;0;0;0;0;0;0;0;0;0;0;0;0;0;0;0;0;0;0;0;0;0;0;0;0;0;0;0;0
43688;tda;pri;l3;pril3-3;63;11,03;0,459583333;15;7;0,111111111;1;2;2;7;3;0;0;0;1;0;0;0;0;0;0;0;0;0;0;0;0;0;0;0;0;0;0;0;0;0;0;0;0;0;0;0;0;0;0;0;0;0;0;0;0;0
43688;tda;pri;l3;pril3-4;61;11,1;0,4625;15;3;0,049180328;1;2;2;3;1;0;0;0;0;0;0;0;0;0;0;0;0;0;0;0;0;1;0;0;0;0;0;0;0;0;0;0;0;0;0;0;0;0;0;0;0;0;0;0;0;0
43688;tda;pri;l3;pril3-5;48;11,18;0,465833333;15;7;0,145833333;1;1;1;7;3;0;0;0;0;0;0;0;0;0;0;0;0;0;0;0;0;0;0;0;0;0;0;0;0;0;0;0;0;0;0;0;0;0;0;0;0;0;0;0;0;0
43688;tda;pri;l3;pril3-6;45;11,25;0,46875;15;12;0,266666667;1;1;1;12;6;0;0;0;0;0;0;0;0;0;0;0;0;0;0;0;0;0;0;0;0;0;0;0;0;0;0;0;0;0;0;0;0;0;0;0;0;0;0;0;0;0
43688;tda;pri;l3;pril3-7;48;11,33;0,472083333;15;5;0,104166667;1;1;1;5;4;0;0;0;0;0;0;0;0;0;0;0;0;0;0;0;0;0;0;0;0;0;0;0;0;0;0;0;0;0;0;0;0;0;0;0;0;0;0;0;0;0
43688;tda;sj;l1;sj1-1;44;11,51;0,479583333;16;3;0,068181818;1;2;2;3;3;0;0;0;0;0;0;0;0;0;0;0;0;0;0;0;0;0;0;1;1;1;0;0;0;0;0;0;0;0;0;0;0;0;0;0;0;0;0;0;0;0
43688;tda;sj;l1;sj1-2;41;12,04;0,501666667;17;5;0,12195122;1;1;1;5;3;0;0;0;0;0;0;0;0;0;0;0;0;0;0;0;0;0;0;0;0;0;0;0;0;0;0;0;0;0;0;0;0;0;0;0;0;0;0;0;0;0
43688;tda;sj;l1;sj1-3;40;12,14;0,505833333;17;2;0,05;1;3;3;2;1;0;1;0;1;0;0;0;0;0;0;0;0;0;0;0;0;0;0;0;0;0;0;0;0;0;0;0;0;0;0;0;0;0;0;0;0;0;0;0;0;0
43688;tda;sj;l1;sj1-4;47;12,21;0,50875;17;1;0,021276596;1;1;1;1;1;0;0;0;0;0;0;0;0;0;0;0;0;0;0;0;0;0;0;0;0;0;0;0;0;0;0;0;0;0;0;0;0;0;0;0;0;0;0;0;0;0
43688;tda;sj;l1;sj1-5;43;12,29;0,512083333;17;10;0,23255814;2;2;2;9;4;1;1;0;0;0;0;0;0;0;0;0;0;0;0;0;0;0;0;0;0;0;0;0;0;0;0;0;0;0;0;0;0;0;0;0;0;0;0;0;0;0
43688;tda;sj;l1;sj1-6;40;12,37;0,515416667;17;6;0,15;1;1;1;6;3;0;0;0;0;0;0;0;0;0;0;0;0;0;0;0;0;0;0;0;0;0;0;0;0;0;0;0;0;0;0;0;0;0;0;0;0;0;0;0;0;0
43688;tda;sj;l1;sj1-7;40;12,42;0,5175;17;15;0,375;1;1;1;10;7;0;0;0;0;0;0;0;0;0;0;0;0;0;0;0;0;0;0;0;0;0;0;0;0;0;0;0;0;0;0;0;0;0;0;0;0;0;0;0;0;0
43688;tda;pri;l1;pril1-1;65;13,3;0,554166667;17;11;0,169230769;1;1;1;11;7;0;0;0;0;0;0;0;0;0;0;0;0;0;0;0;0;0;0;0;0;0;0;0;0;0;0;0;0;0;0;0;0;0;0;0;0;0;0;0;0;0
43688;tda;pri;l1;pril1-2;50;13,38;0,5575;17;5;0,1;1;1;2;5;3;0;0;0;0;0;0;0;0;1;1;0;1;0;0;0;0;0;0;0;0;0;0;0;0;0;0;0;0;0;0;0;0;0;0;0;0;0;0;0;0;0
43688;tda;pri;l1;pril1-3;55;13,46;0,560833333;17;4;0,072727273;1;2;3;4;4;0;0;0;0;0;0;0;0;2;1;2;0;0;0;0;1;0;0;0;0;0;0;0;0;0;0;0;0;0;0;0;0;0;0;0;0;0;0;0;0;0
43688;tda;pri;l1;pril1-4;48;13,14;0,5475;17;1;0,020833333;1;1;2;1;1;0;0;0;0;0;0;0;0;1;1;0;1;0;0;0;0;0;0;0;0;0;0;0;0;0;0;0;0;0;0;0;0;0;0;0;0;0;0;0;0;0
43688;tda;pri;l1;pril1-5;39;13,21;0,550416667;17;8;0,205128205;2;2;2;7;5;0;0;1;1;0;0;0;0;0;0;0;0;0;0;0;0;0;0;0;0;0;0;0;0;0;0;0;0;0;0;0;0;0;0;0;0;0;0;0;0;0
43688;tda;pri;l1;pril1-6;56;12,57;0,52375;17;24;0,428571429;2;2;2;23;11;1;1;0;0;0;0;0;0;0;0;0;0;0;0;0;0;0;0;0;0;0;0;0;0;0;0;0;0;0;0;0;0;0;0;0;0;0;0;0;0;0
43688;tda;pri;l1;pril1-7;43;13,05;0,54375;17;5;0,11627907;1;1;2;5;4;0;0;0;0;0;0;0;0;1;1;1;0;0;0;0;0;0;0;0;0;0;0;0;0;0;0;0;0;0;0;0;0;0;0;0;0;0;0;0;0;0
43688;tda;sj;l2;sj2-1;44;15,04;0,626666667;19;6;0,136363636;1;2;2;6;5;0;0;0;1;0;0;0;0;0;0;0;0;0;0;0;0;0;0;0;0;0;0;0;0;0;0;0;0;0;0;0;0;0;0;0;0;0;0;0;0;0
43688;tda;sj;l2;sj2-2;35;14,56;0,606666667;19;4;0,114285714;1;1;1;4;4;0;0;0;0;0;0;0;0;0;0;0;0;0;0;0;0;0;0;0;0;0;0;0;0;0;0;0;0;0;0;0;0;0;0;0;0;0;0;0;0;0
43688;tda;sj;l2;sj2-3;56;14,41;0,600416667;19;6;0,107142857;1;1;1;6;3;0;0;0;0;0;0;0;0;0;0;0;0;0;0;0;0;0;0;0;0;0;0;0;0;0;0;0;0;0;0;0;0;0;0;0;0;0;0;0;0;0
43688;tda;sj;l2;sj2-4;44;14,49;0,60375;19;6;0,136363636;1;1;1;6;3;0;0;0;0;0;0;0;0;0;0;0;0;0;0;0;0;0;0;0;0;0;0;0;0;0;0;0;0;0;0;0;0;0;0;0;0;0;0;0;0;0
43688;tda;sj;l2;sj2-5;52;14,05;0,585416667;19;4;0,076923077;1;2;2;4;2;0;0;0;1;0;0;0;0;0;0;0;0;0;0;0;0;0;0;0;0;0;0;0;0;0;0;0;0;0;0;0;0;0;0;0;0;0;0;0;0;0
43688;tda;sj;l2;sj2-6;41;14,13;0,58875;19;17;0,414634146;3;3;3;4;3;11;2;2;1;0;0;0;0;0;0;0;0;0;0;0;0;0;0;0;0;0;0;0;0;0;0;0;0;0;0;0;0;0;0;0;0;0;0;0;0;0
43688;tda;sj;l2;sj2-7;42;14,23;0,592916667;19;3;0,071428571;2;3;3;2;2;0;0;0;0;0;0;1;0;0;0;0;0;0;0;0;0;0;0;0;0;0;0;0;0;0;0;0;0;0;0;0;0;0;0;0;1;1;0;1;0;0
43689;tda;sj;l2;sj2-1;41;11,13;0,46375;16;3;0,073170732;1;1;1;3;2;0;0;0;0;0;0;0;0;0;0;0;0;0;0;0;0;0;0;0;0;0;0;0;0;0;0;0;0;0;0;0;0;0;0;0;0;0;0;0;0;0
43689;tda;sj;l2;sj2-2;52;11,04;0,46;16;14;0,269230769;1;1;1;14;2;0;0;0;0;0;0;0;0;0;0;0;0;0;0;0;0;0;0;0;0;0;0;0;0;0;0;0;0;0;0;0;0;0;0;0;0;0;0;0;0;0
43689;tda;sj;l2;sj2-3;53;10,33;0,430416667;15;6;0,113207547;1;2;2;6;5;0;1;0;0;0;0;0;0;0;0;0;0;0;0;0;0;0;0;0;0;0;0;0;0;0;0;0;0;0;0;0;0;0;0;0;0;0;0;0;0;0
43689;tda;sj;l2;sj2-4;48;10,57;0,440416667;16;4;0,083333333;1;1;1;4;3;0;0;0;0;0;0;0;0;0;0;0;0;0;0;0;0;0;0;0;0;0;0;0;0;0;0;0;0;0;0;0;0;0;0;0;0;0;0;0;0;0
43689;tda;sj;l2;sj2-5;45;10,05;0,41875;15;11;0,244444444;1;2;2;11;10;0;0;0;1;0;0;0;0;0;0;0;0;0;0;0;0;0;0;0;0;0;0;0;0;0;0;0;0;0;0;0;0;0;0;0;0;0;0;0;0;0
43689;tda;sj;l2;sj2-6;48;10,18;0,424166667;15;2;0,041666667;1;1;1;2;2;0;0;0;0;0;0;0;0;0;0;0;0;0;0;0;0;0;0;0;0;0;0;0;0;0;0;0;0;0;0;0;0;0;0;0;0;0;0;0;0;0
43689;tda;sj;l2;sj2-7;48;10,26;0,4275;15;6;0,125;1;1;1;6;2;0;0;0;0;0;0;0;0;0;0;0;0;0;0;0;0;0;0;0;0;0;0;0;0;0;0;0;0;0;0;0;0;0;0;0;0;0;0;0;0;0
43689;tda;pri;l4;pril4-1;60;11,53;0,480416667;16;19;0,316666667;1;1;1;19;7;0;0;0;0;0;0;0;0;0;0;0;0;0;0;0;0;0;0;0;0;0;0;0;0;0;0;0;0;0;0;0;0;0;0;0;0;0;0;0;0;0
43689;tda;pri;l4;pril4-2;59;12,01;0,500416667;16;17;0,288135593;1;1;1;17;10;0;0;0;0;0;0;0;0;0;0;0;0;0;0;0;0;0;0;0;0;0;0;0;0;0;0;0;0;0;0;0;0;0;0;0;0;0;0;0;0;0
43689;tda;pri;l4;pril4-3;66;12,1;0,504166667;16;14;0,212121212;1;1;2;14;5;0;0;0;0;0;0;0;0;1;1;0;0;1;0;0;0;0;0;0;0;0;0;0;0;0;0;0;0;0;0;0;0;0;0;0;0;0;0;0;0;0
43689;tda;pri;l4;pril4-4;53;12,21;0,50875;16;8;0,150943396;1;2;2;8;5;0;0;0;1;0;0;0;0;0;0;0;0;0;0;0;0;0;0;0;0;0;0;0;0;0;0;0;0;0;0;0;0;0;0;0;0;0;0;0;0;0
43689;tda;pri;l4;pril4-5;61;12,29;0,512083333;16;15;0,245901639;1;1;2;15;10;0;0;0;0;0;0;0;0;1;1;1;0;0;0;0;0;0;0;0;0;0;0;0;0;0;0;0;0;0;0;0;0;0;0;0;0;0;0;0;0;0
43689;tda;pri;l4;pril4-6;73;11,35;0,472916667;16;1;0,01369863;1;1;1;1;1;0;0;0;0;0;0;0;0;0;0;0;0;0;0;0;0;0;0;0;0;0;0;0;0;0;0;0;0;0;0;0;0;0;0;0;0;0;0;0;0;0
43689;tda;pri;l4;pril4-7;69;11,43;0,47625;16;3;0,043478261;1;1;1;3;3;0;0;0;0;0;0;0;0;0;0;0;0;0;0;0;0;0;0;0;0;0;0;0;0;0;0;0;0;0;0;0;0;0;0;0;0;0;0;0;0;0
43689;tda;pri;l5;pril5-1;47;11,52;0,48;13;3;0,063829787;1;1;1;3;2;0;0;0;0;0;0;0;0;0;0;0;0;0;0;0;0;0;0;0;0;0;0;0;0;0;0;0;0;0;0;0;0;0;0;0;0;0;0;0;0;0
43689;tda;pri;l5;pril5-2;52;12,01;0,500416667;13;4;0,076923077;1;1;1;4;1;0;0;0;0;0;0;0;0;0;0;0;0;0;0;0;0;0;0;0;0;0;0;0;0;0;0;0;0;0;0;0;0;0;0;0;0;0;0;0;0;0
43689;tda;pri;l5;pril5-3;41;12,09;0,50375;13;10;0,243902439;1;1;2;10;5;0;0;0;0;0;0;0;0;0;0;0;0;0;0;0;0;0;0;0;0;0;0;0;0;0;0;0;0;0;1;1;0;1;0;0;0;0;0;0;0;0
43689;tda;pri;l5;pril5-4;62;13,28;0,553333333;16;2;0,032258065;1;1;1;2;2;0;0;0;0;0;0;0;0;0;0;0;0;0;0;0;0;0;0;0;0;0;0;0;0;0;0;0;0;0;0;0;0;0;0;0;0;0;0;0;0;0
43689;tda;pri;l5;pril5-5;47;13,21;0,550416667;16;0;0;0;0;1;0;0;0;0;0;0;0;0;0;0;0;0;0;0;0;0;0;0;0;0;0;0;0;0;0;0;0;0;0;0;0;0;0;0;0;0;0;0;0;0;0;0;0
43689;tda;pri;l5;pril5-6;47;13,49;0,562083333;16;3;0,063829787;1;1;1;3;2;0;0;0;0;0;0;0;0;0;0;0;0;0;0;0;0;0;0;0;0;0;0;0;0;0;0;0;0;0;0;0;0;0;0;0;0;0;0;0;0;0
43689;tda;pri;l5;pril5-7;68;13,57;0,565416667;16;9;0,132352941;1;2;2;9;2;0;0;0;1;0;0;0;0;0;0;0;0;0;0;0;0;0;0;0;0;0;0;0;0;0;0;0;0;0;0;0;0;0;0;0;0;0;0;0;0;0
43691;tda;pri;l6;pril6-1;48;12,2;0,508333333;13;0;0;0;0;3;0;0;0;0;0;0;0;0;0;0;1;1;1;0;0;0;0;0;0;0;0;0;0;0;0;0;0;0;0;0;0;1;1;0;1;0;0;0;0;0;0;0;0
43691;tda;pri;l6;pril6-2;62;12,3;0,5125;13;6;0,096774194;2;2;2;5;2;0;0;0;0;0;0;0;0;0;0;0;0;0;0;0;0;0;0;1;1;0;0;0;0;0;0;1;1;0;0;0;0;0;0;0;0;0;0;0;0;0
43691;tda;pri;l6;pril6-3;46;12,4;0,516666667;13;0;0;0;0;2;0;0;0;0;0;0;0;0;0;0;1;1;1;0;0;0;0;0;0;0;0;0;0;0;0;0;0;0;0;0;0;0;0;0;0;0;0;0;0;0;0;0;0
43691;tda;pri;l6;pril6-4;56;12,48;0,52;13;1;0,017857143;1;1;1;1;1;0;0;0;0;0;0;0;0;0;0;0;0;0;0;0;0;0;0;0;0;0;0;0;0;0;0;0;0;0;0;0;0;0;0;0;0;0;0;0;0;0
43691;tda;pri;l6;pril6-5;35;12,57;0,52375;13;10;0,285714286;1;1;1;10;6;0;0;0;0;0;0;0;0;0;0;0;0;0;0;0;0;0;0;0;0;0;0;0;0;0;0;0;0;0;0;0;0;0;0;0;0;0;0;0;0;0
43691;tda;pri;l6;pril6-6;47;13,04;0,543333333;14;1;0,021276596;1;1;1;1;1;0;0;0;0;0;0;0;0;0;0;0;0;0;0;0;0;0;0;0;0;0;0;0;0;0;0;0;0;0;0;0;0;0;0;0;0;0;0;0;0;0
43691;tda;pri;l6;pril6-7;44;13,13;0,547083333;14;7;0,159090909;1;1;3;7;5;0;0;0;0;0;0;0;0;2;1;2;0;0;0;0;0;0;0;0;0;0;0;0;0;0;0;0;0;0;1;1;1;0;0;0;0;0;0;0;0;0
43691;tda;sj;l5;sj5-1;42;13,35;0,55625;14;3;0,071428571;1;1;1;3;3;0;0;0;0;0;0;0;0;0;0;0;0;0;0;0;0;0;0;0;0;0;0;0;0;0;0;0;0;0;0;0;0;0;0;0;0;0;0;0;0;0
43691;tda;sj;l5;sj5-2;40;13,43;0,559583333;14;1;0,025;1;1;1;1;1;0;0;0;0;0;0;0;0;0;0;0;0;0;0;0;0;0;0;0;0;0;0;0;0;0;0;0;0;0;0;0;0;0;0;0;0;0;0;0;0;0
43691;tda;sj;l5;sj5-3;58;13,54;0,564166667;14;20;0,344827586;1;2;2;20;10;0;0;0;0;0;1;0;0;0;0;0;0;0;0;0;0;0;0;0;0;0;0;0;0;0;0;0;0;0;0;0;0;0;0;0;0;0;0;0;0;0
43691;tda;sj;l5;sj5-4;44;14,23;0,592916667;15;0;0;0;0;1;0;0;0;0;0;0;0;0;0;0;0;0;0;0;0;0;0;0;0;0;0;0;0;0;0;0;0;0;0;0;0;0;0;0;0;0;0;0;0;0;0;0;0
43691;tda;sj;l5;sj5-5;45;14,02;0,584166667;15;4;0,088888889;1;1;1;4;2;0;0;0;0;0;0;0;0;0;0;0;0;0;0;0;0;0;0;0;0;0;0;0;0;0;0;0;0;0;0;0;0;0;0;0;0;0;0;0;0;0
43691;tda;sj;l5;sj5-6;43;14,31;0,59625;15;11;0,255813953;1;1;1;11;3;0;0;0;0;0;0;0;0;0;0;0;0;0;0;0;0;0;0;0;0;0;0;0;0;0;0;0;0;0;0;0;0;0;0;0;0;0;0;0;0;0
43691;tda;sj;l5;sj5-7;42;14,12;0,588333333;15;0;0;0;0;1;0;0;0;0;1;0;0;0;0;0;0;0;0;0;0;0;0;0;0;0;0;0;0;0;0;0;0;0;0;0;0;0;0;0;0;0;0;0;0;0;0;0;0
43691;tda;sj;l4;sj4-1;41;14,48;0,603333333;15;4;0,097560976;1;1;1;4;2;0;0;0;0;0;0;0;0;0;0;0;0;0;0;0;0;0;0;0;0;0;0;0;0;0;0;0;0;0;0;0;0;0;0;0;0;0;0;0;0;0
43691;tda;sj;l4;sj4-2;56;14,56;0,606666667;15;10;0,178571429;1;1;1;10;2;0;0;0;0;0;0;0;0;0;0;0;0;0;0;0;0;0;0;0;0;0;0;0;0;0;0;0;0;0;0;0;0;0;0;0;0;0;0;0;0;0
43691;tda;sj;l4;sj4-3;53;15,04;0,626666667;15;9;0,169811321;1;1;2;9;6;0;0;0;0;0;0;0;0;1;1;1;0;0;0;0;0;0;0;0;0;0;0;0;0;0;0;0;0;0;0;0;0;0;0;0;0;0;0;0;0;0
43691;tda;sj;l4;sj4-4;48;15,28;0,636666667;15;7;0,145833333;2;2;2;6;4;0;0;1;1;0;0;0;0;0;0;0;0;0;0;0;0;0;0;0;0;0;0;0;0;0;0;0;0;0;0;0;0;0;0;0;0;0;0;0;0;0
43691;tda;sj;l4;sj4-5;47;15,18;0,6325;15;1;0,021276596;1;1;1;1;1;0;0;0;0;0;0;0;0;0;0;0;0;0;0;0;0;0;0;0;0;0;0;0;0;0;0;0;0;0;0;0;0;0;0;0;0;0;0;0;0;0
43691;tda;sj;l4;sj4-6;53;15,38;0,640833333;16;7;0,132075472;1;2;2;7;4;0;0;0;1;0;0;0;0;0;0;0;0;0;0;0;0;0;0;0;0;0;0;0;0;0;0;0;0;0;0;0;0;0;0;0;0;0;0;0;0;0
43691;tda;sj;l4;sj4-7;52;15,47;0,644583333;16;2;0,038461538;1;1;1;2;2;0;0;0;0;0;0;0;0;0;0;0;0;0;0;0;0;0;0;0;0;0;0;0;0;0;0;0;0;0;0;0;0;0;0;0;0;0;0;0;0;0
43692;tda;sj;l3;sj3-1;45;11,03;0,459583333;13;12;0,266666667;1;2;2;12;7;0;0;0;0;0;0;0;0;0;0;0;0;0;0;0;0;0;0;0;0;0;0;0;0;0;0;0;0;0;0;0;0;0;0;0;0;0;0;0;0;0
43692;tda;sj;l3;sj3-2;47;11,12;0,463333333;13;17;0,361702128;1;1;1;17;12;0;0;0;0;0;0;0;0;0;0;0;0;0;0;0;0;0;0;0;0;0;0;0;0;0;0;0;0;0;0;0;0;0;0;0;1;1;0;1;0;0
43692;tda;sj;l3;sj3-3;67;11,45;0,477083333;13;13;0,194029851;1;1;1;13;7;0;0;0;0;0;0;0;0;0;0;0;0;0;0;0;0;0;0;0;0;0;0;0;0;0;0;0;0;0;0;0;0;0;0;0;0;0;0;0;0;0
43692;tda;sj;l3;sj3-4;57;11,37;0,47375;13;8;0,140350877;1;1;1;8;6;0;0;0;0;0;0;0;0;0;0;0;0;0;0;0;0;0;0;0;0;0;0;0;0;0;0;0;0;0;0;0;0;0;0;0;0;0;0;0;0;0
43692;tda;sj;l3;sj3-5;45;10,54;0,439166667;13;7;0,155555556;1;1;1;7;4;0;0;0;0;0;0;0;0;0;0;0;0;0;0;0;0;0;0;0;0;0;0;0;0;0;0;0;0;0;0;0;0;0;0;0;0;0;0;0;0;0
43692;tda;sj;l3;sj3-6;43;11,21;0,467083333;13;6;0,139534884;1;1;1;6;5;0;0;0;0;0;0;0;0;0;0;0;0;0;0;0;0;0;0;0;0;0;0;0;0;0;0;0;0;0;0;0;0;0;0;0;0;0;0;0;0;0
43692;tda;sj;l3;sj3-7;48;11,29;0,470416667;13;1;0,020833333;1;2;2;1;1;0;1;0;0;0;0;0;0;0;0;0;0;0;0;0;0;0;0;0;0;0;0;0;0;0;0;0;0;0;0;0;0;0;0;0;0;0;0;0;0;0
43692;tda;sj;l5;sj5-1;48;11,58;0,4825;15;5;0,104166667;1;1;1;5;1;0;0;0;0;0;0;0;0;0;0;0;0;0;0;0;0;0;0;0;0;0;0;0;0;0;0;0;0;0;0;0;0;0;0;0;0;0;0;0;0;0
43692;tda;sj;l5;sj5-2;46;12,05;0,502083333;15;4;0,086956522;1;1;1;4;4;0;0;0;0;0;0;0;0;0;0;0;0;0;0;0;0;0;0;0;0;0;0;0;0;0;0;0;0;0;0;0;0;0;0;0;0;0;0;0;0;0
43692;tda;sj;l5;sj5-3;41;12,12;0,505;15;5;0,12195122;1;1;1;5;3;0;0;0;0;0;0;0;0;0;0;0;0;0;0;0;0;0;0;0;0;0;0;0;0;0;0;0;0;0;0;0;0;0;0;0;0;0;0;0;0;0
43692;tda;sj;l5;sj5-4;42;12,38;0,515833333;15;2;0,047619048;1;1;1;2;2;0;0;0;0;0;0;0;0;0;0;0;0;0;0;0;0;0;0;0;0;0;0;0;0;0;0;0;0;0;0;0;0;0;0;0;0;0;0;0;0;0
43692;tda;sj;l5;sj5-5;55;12,2;0,508333333;15;12;0,218181818;1;1;1;12;4;0;0;0;0;0;0;0;0;0;0;0;0;0;0;0;0;0;0;0;0;0;0;0;0;0;0;0;0;0;0;0;0;0;0;0;0;0;0;0;0;0
43692;tda;sj;l5;sj5-6;49;12,44;0,518333333;15;8;0,163265306;1;1;1;8;5;0;0;0;0;0;0;0;0;0;0;0;0;0;0;0;0;0;0;0;0;0;0;0;0;0;0;0;0;0;0;0;0;0;0;0;0;0;0;0;0;0
43692;tda;sj;l5;sj5-7;52;12,3;0,5125;15;9;0,173076923;1;2;2;9;4;0;1;0;0;0;0;0;0;0;0;0;0;0;0;0;0;0;0;0;0;0;0;0;0;0;0;0;0;0;0;0;0;0;0;0;0;0;0;0;0;0
43692;tda;sj;l4;sj4-1;48;13,01;0,542083333;17;3;0,0625;1;1;1;3;2;0;0;0;0;0;0;0;0;0;0;0;0;0;0;0;0;0;0;0;0;0;0;0;0;0;0;0;0;0;0;0;0;0;0;0;0;0;0;0;0;0
43692;tda;sj;l4;sj4-2;46;13,08;0,545;17;4;0,086956522;1;1;1;4;2;0;0;0;0;0;0;0;0;0;0;0;0;0;0;0;0;0;0;0;0;0;0;0;0;0;0;0;0;0;0;0;0;0;0;0;0;0;0;0;0;0
43692;tda;sj;l4;sj4-3;51;13,21;0,550416667;17;5;0,098039216;1;1;1;5;4;0;0;0;0;0;0;0;0;0;0;0;0;0;0;0;0;0;0;0;0;0;0;0;0;0;0;0;0;0;0;0;0;0;0;0;0;0;0;0;0;0
43692;tda;sj;l4;sj4-4;45;13,39;0,557916667;17;7;0,155555556;1;2;2;7;3;0;1;0;0;0;0;0;0;0;0;0;0;0;0;0;0;0;0;0;0;0;0;0;0;0;0;0;0;0;0;0;0;0;0;0;0;0;0;0;0;0
43692;tda;sj;l4;sj4-5;48;13,31;0,554583333;17;17;0,354166667;1;1;1;17;11;0;0;0;0;0;0;0;0;0;0;0;0;0;0;0;0;0;0;0;0;0;0;0;0;0;0;0;0;0;0;0;0;0;0;0;0;0;0;0;0;0
43692;tda;sj;l4;sj4-6;44;13,51;0,562916667;17;3;0,068181818;2;2;2;1;1;0;0;0;0;0;0;0;0;0;0;0;0;0;0;0;0;0;2;1;1;0;0;1;0;0;0;0;0;0;0;0;0;0;0;0;0;0;0;0;0;0
43692;tda;sj;l4;sj4-7;43;13,57;0,565416667;17;3;0,069767442;1;1;1;3;1;0;0;0;0;0;0;0;0;0;0;0;0;0;0;0;0;0;0;0;0;0;0;0;0;0;0;0;0;0;0;0;0;0;0;0;0;0;0;0;0;0
43692;tda;sj;l3;sj3-1;46;14,21;0,592083333;18;13;0,282608696;1;1;1;13;5;0;0;0;0;0;0;0;0;0;0;0;0;0;0;0;0;0;0;0;0;0;0;0;0;0;0;0;0;0;0;0;0;0;0;0;0;0;0;0;0;0
43692;tda;sj;l3;sj3-2;43;14,28;0,595;18;2;0,046511628;1;1;1;2;2;0;0;0;0;0;0;0;0;0;0;0;0;0;0;0;0;0;0;0;0;0;0;0;0;0;0;0;0;0;0;0;0;0;0;0;0;0;0;0;0;0
43692;tda;sj;l3;sj3-3;47;14,55;0,60625;18;6;0,127659574;1;1;1;6;4;0;0;0;0;0;0;0;0;0;0;0;0;0;0;0;0;0;0;0;0;0;0;0;0;0;0;0;0;0;0;0;0;0;0;0;0;0;0;0;0;0
43692;tda;sj;l3;sj3-4;50;14,49;0,60375;18;21;0,42;1;3;3;21;12;0;1;0;1;0;0;0;0;0;0;0;0;0;0;0;0;0;0;0;0;0;0;0;0;0;0;0;0;0;0;0;0;0;0;0;0;0;0;0;0;0
43692;tda;sj;l3;sj3-5;47;14,14;0,589166667;18;4;0,085106383;1;1;1;4;4;0;0;0;0;0;0;0;0;0;0;0;0;0;0;0;0;0;0;0;0;0;0;0;0;0;0;0;0;0;0;0;0;0;0;0;0;0;0;0;0;0
43692;tda;sj;l3;sj3-6;45;14,35;0,597916667;18;7;0,155555556;1;1;1;7;5;0;0;0;0;0;0;0;0;0;0;0;0;0;0;0;0;0;0;0;0;0;0;0;0;0;0;0;0;0;0;0;0;0;0;0;0;0;0;0;0;0
43692;tda;sj;l3;sj3-7;48;14,42;0,600833333;18;1;0,020833333;1;1;1;1;1;0;0;0;0;0;0;0;0;0;0;0;0;0;0;0;0;0;0;0;0;0;0;0;0;0;0;0;0;0;0;0;0;0;0;0;0;0;0;0;0;0
43694;citro;sj;l3;sj3-1;45;11,42;0,475833333;21;7;0,155555556;1;2;2;7;2;0;0;0;0;0;0;0;0;0;0;0;0;0;0;0;0;0;0;0;0;0;0;0;0;0;0;0;0;0;0;0;0;0;0;0;0;0;0;0;0;1
43694;citro;sj;l3;sj3-2;44;11,15;0,464583333;21;0;0;0;0;1;0;0;0;0;0;0;0;0;0;0;0;0;0;0;0;0;0;0;0;0;0;0;0;0;0;0;0;0;0;0;0;0;0;0;0;0;0;0;0;0;0;0;0
43694;citro;sj;l3;sj3-3;50;10,59;0,44125;21;3;0,06;1;1;1;3;3;0;0;0;0;0;0;0;0;0;0;0;0;0;0;0;0;0;0;0;0;0;0;0;0;0;0;0;0;0;0;0;0;0;0;0;0;0;0;0;0;0
43694;citro;sj;l3;sj3-4;46;11,07;0,46125;21;4;0,086956522;1;1;1;4;3;0;0;0;0;0;0;0;0;0;0;0;0;0;0;0;0;0;0;0;0;0;0;0;0;0;0;0;0;0;0;0;0;0;0;0;0;0;0;0;0;0
43694;citro;sj;l3;sj3-5;50;10,36;0,431666667;21;5;0,1;1;1;1;5;3;0;0;0;0;0;0;0;0;0;0;0;0;0;0;0;0;0;0;0;0;0;0;0;0;0;0;0;0;0;0;0;0;0;0;0;0;0;0;0;0;0
43694;citro;sj;l3;sj3-6;48;10,43;0,434583333;21;9;0,1875;1;1;1;9;6;0;0;0;0;0;0;0;0;0;0;0;0;0;0;0;0;0;0;0;0;0;0;0;0;0;0;0;0;0;0;0;0;0;0;0;0;0;0;0;0;0
43694;citro;sj;l3;sj3-7;47;10,5;0,4375;21;9;0,191489362;1;1;1;9;5;0;0;0;0;0;0;0;0;0;0;0;0;0;0;0;0;0;0;0;0;0;0;0;0;0;0;0;0;0;0;0;0;0;0;0;0;0;0;0;0;0
43694;citro;sj;l1;sj1-1;44;12,33;0,51375;23;10;0,227272727;1;2;2;10;5;0;0;0;0;0;0;0;0;0;0;0;0;0;0;0;1;0;0;0;0;0;0;0;0;0;0;0;0;0;0;0;0;0;0;0;0;0;0;0;0;0
43694;citro;sj;l1;sj1-2;48;12,26;0,510833333;23;17;0,354166667;1;1;1;17;9;0;0;0;0;0;0;0;0;0;0;0;0;0;0;0;0;0;0;0;0;0;0;0;0;0;0;0;0;0;0;0;0;0;0;0;0;0;0;0;0;0
43694;citro;sj;l1;sj1-3;40;12,18;0,5075;23;7;0,175;1;1;1;7;7;0;0;0;0;0;0;0;0;0;0;0;0;0;0;0;1;0;0;0;0;0;0;0;0;0;0;0;0;0;0;0;0;0;0;0;0;0;0;0;0;0
43694;citro;sj;l1;sj1-4;46;12,42;0,5175;23;8;0,173913043;1;2;2;8;5;0;0;0;0;0;1;0;0;0;0;0;0;0;0;0;0;0;0;0;0;0;0;0;0;0;0;0;0;0;0;0;0;0;0;0;0;0;0;0;0;0
43694;citro;sj;l1;sj1-5;41;12,53;0,522083333;23;10;0,243902439;1;3;3;10;4;0;1;0;0;0;1;0;0;0;0;0;0;0;0;0;0;0;0;0;0;0;0;0;0;0;0;0;0;0;0;0;0;0;0;0;0;0;0;0;0;0
43694;citro;sj;l1;sj1-6;41;13,12;0,546666667;23;6;0,146341463;1;4;4;6;5;0;1;0;1;0;0;0;0;0;0;0;0;0;0;0;0;0;0;1;1;0;0;0;0;0;1;0;0;0;0;0;0;0;0;0;0;0;0;0;0;0
43694;citro;sj;l1;sj1-7;45;13,22;0,550833333;23;14;0,311111111;2;3;3;13;5;1;1;0;0;0;0;0;0;0;0;0;0;0;0;0;1;0;0;0;0;0;0;0;0;0;0;0;0;0;0;0;0;0;0;0;0;0;0;0;0;0
43694;citro;sj;l2;sj2-1;48;13,44;0,56;23;10;0,208333333;1;1;1;10;5;0;0;0;0;0;0;0;0;0;0;0;0;0;0;0;0;0;0;0;0;0;0;0;0;0;0;0;0;0;0;0;0;0;0;0;0;0;0;0;0;0
43694;citro;sj;l2;sj2-2;40;13,21;0,550416667;23;14;0,35;1;1;1;14;5;0;0;0;0;0;0;0;0;0;0;0;0;0;0;0;0;0;0;0;0;0;0;0;0;0;0;0;0;0;0;0;0;0;0;0;0;0;0;0;0;0
43694;citro;sj;l2;sj2-3;40;13,57;0,565416667;23;3;0,075;1;1;1;3;3;0;0;0;0;0;0;0;0;0;0;0;0;0;0;0;0;0;0;0;0;0;0;0;0;0;0;0;0;0;0;0;0;0;0;0;0;0;0;0;0;0
43694;citro;sj;l2;sj2-4;40;14,06;0,585833333;23;6;0,15;1;1;1;6;3;0;0;0;0;0;0;0;0;0;0;0;0;0;0;0;0;0;0;0;0;0;0;0;0;0;0;0;0;0;0;0;0;0;0;0;0;0;0;0;0;0
43694;citro;sj;l2;sj2-5;43;14,13;0,58875;23;6;0,139534884;2;2;2;4;2;2;2;0;0;0;0;0;0;0;0;0;0;0;0;0;0;0;0;0;0;0;0;0;0;0;0;0;0;0;0;0;0;0;0;0;0;0;0;0;0;0
43694;citro;sj;l2;sj2-6;49;14,21;0,592083333;23;14;0,285714286;1;1;1;14;3;0;0;0;0;0;0;0;0;0;0;0;0;0;0;0;0;0;0;0;0;0;0;0;0;0;0;0;0;0;0;0;0;0;0;0;0;0;0;0;0;0
43694;citro;sj;l2;sj2-7;40;14,31;0,59625;23;15;0,375;1;2;2;15;5;0;1;0;0;0;0;0;0;0;0;0;0;0;0;0;0;0;0;0;0;0;0;0;0;0;0;0;0;0;0;0;0;0;0;0;0;0;0;0;0;0
43694;citro;pri;l3;pril3-1;49;15,37;0,640416667;23;4;0,081632653;1;1;1;4;1;0;0;0;0;0;0;0;0;0;0;0;0;0;0;0;0;0;0;0;0;0;0;0;0;0;0;0;0;0;0;0;0;0;0;0;0;0;0;0;0;0
43694;citro;pri;l3;pril3-2;45;15,21;0,63375;23;4;0,088888889;1;1;1;4;2;0;0;0;0;0;0;0;0;0;0;0;0;0;0;0;0;0;0;0;0;0;0;0;0;0;0;0;0;0;0;0;0;0;0;0;0;0;0;0;0;0
43694;citro;pri;l3;pril3-3;47;15,28;0,636666667;23;9;0,191489362;1;2;2;9;5;0;0;0;0;0;0;0;0;0;0;0;0;0;0;0;0;0;0;1;1;0;0;1;0;0;0;0;0;0;0;0;0;0;0;0;0;0;0;0;0;0
43694;citro;pri;l3;pril3-4;111;15,04;0,626666667;23;11;0,099099099;1;1;1;11;6;0;0;0;0;0;0;0;0;0;0;0;0;0;0;0;0;0;0;0;0;0;0;0;0;0;0;0;0;0;0;0;0;0;0;0;0;0;0;0;0;0
43694;citro;pri;l3;pril3-5;49;15,12;0,63;23;5;0,102040816;1;1;1;5;4;0;0;0;0;0;0;0;0;0;0;0;0;0;0;0;0;0;0;0;0;0;0;0;0;0;0;0;0;0;0;0;0;0;0;0;0;0;0;0;0;0
43694;citro;pri;l3;pril3-6;49;14,46;0,6025;23;22;0,448979592;2;2;2;20;5;0;0;0;0;0;0;0;0;0;0;0;0;0;0;0;0;0;0;0;0;0;0;0;0;0;0;0;0;0;0;0;0;0;0;2;1;1;0;1;0;0
43694;citro;pri;l3;pril3-7;45;14,53;0,605416667;23;6;0,133333333;1;2;2;6;2;0;0;0;0;0;0;0;0;0;0;0;0;0;0;0;0;1;0;0;0;0;0;0;0;0;0;0;0;0;0;0;0;0;0;0;0;0;0;0;0;0
43698;citro;pri;l3;pril3-1;62;10,17;0,42375;13;1;0,016129032;1;2;2;1;1;0;1;0;0;0;0;0;0;0;0;0;0;0;0;0;0;0;0;0;0;0;0;0;0;0;0;0;0;0;0;0;0;0;0;0;0;0;0;0;0;0
43698;citro;pri;l3;pril3-2;51;10,25;0,427083333;13;0;0;0;1;2;0;0;0;0;0;0;0;0;0;0;0;0;0;0;0;0;0;0;0;0;0;0;0;0;0;0;0;0;0;0;0;0;0;0;0;0;0;1;1;0;1;0;0
43698;citro;pri;l3;pril3-3;60;10,31;0,429583333;13;1;0,016666667;1;1;1;1;1;0;0;0;0;0;0;0;0;0;0;0;0;0;0;0;0;0;0;0;0;0;0;0;0;0;0;0;0;0;0;0;0;0;0;0;0;0;0;0;0;0
43698;citro;pri;l3;pril3-4;66;10,31;0,429583333;13;1;0,015151515;1;2;2;1;1;0;0;0;1;0;0;0;0;0;0;0;0;0;0;0;0;0;0;0;0;0;0;0;0;0;0;0;0;0;0;0;0;0;0;0;0;0;0;0;0;0
43698;citro;pri;l3;pril3-5;52;10,46;0,435833333;13;0;0;0;0;1;0;0;0;0;0;0;0;0;0;0;0;0;0;0;0;0;0;0;0;0;0;0;0;0;0;0;0;0;0;0;0;0;0;0;0;0;0;0;0;0;0;0;0
43698;citro;pri;l3;pril3-6;57;10,54;0,439166667;13;5;0,087719298;1;1;1;5;3;0;0;0;0;0;0;0;0;0;0;0;0;0;0;0;0;0;0;0;0;0;0;0;0;0;0;0;0;0;0;0;0;0;0;0;0;0;0;0;0;0
43698;citro;pri;l3;pril3-7;44;11;0,458333333;13;8;0,181818182;1;1;1;8;5;0;0;0;0;0;0;0;0;0;0;0;0;0;0;0;0;0;0;0;0;0;0;0;0;0;0;0;0;0;0;0;0;0;0;0;0;0;0;0;0;0
43698;citro;sj;l2;sj2-1;41;11,1;0,4625;13;8;0,195121951;2;3;3;7;4;1;2;0;0;0;0;0;0;0;0;0;0;0;0;0;0;1;0;0;0;0;0;0;0;0;0;0;0;0;0;0;0;0;0;0;0;0;0;0;0;0
43698;citro;sj;l2;sj2-2;35;11,16;0,465;13;4;0,114285714;1;2;2;4;2;0;0;0;0;0;0;0;0;0;0;0;0;0;0;0;0;0;0;1;1;0;0;1;0;0;0;0;0;0;0;0;0;0;0;0;0;0;0;0;0;0
43698;citro;sj;l2;sj2-3;37;11,25;0,46875;13;6;0,162162162;1;3;3;6;5;0;1;0;0;0;0;0;0;0;0;0;0;0;0;0;1;0;0;0;0;0;0;0;0;0;0;0;0;0;0;0;0;0;0;0;0;0;0;0;0;0
43698;citro;sj;l2;sj2-4;35;11,37;0,47375;13;4;0,114285714;1;2;2;4;2;0;0;0;0;0;0;0;0;0;0;0;0;0;0;0;1;0;0;0;0;0;0;0;0;0;0;0;0;0;0;0;0;0;0;0;0;0;0;0;0;0
43698;citro;sj;l2;sj2-5;33;11,31;0,47125;13;2;0,060606061;1;3;3;2;2;0;1;0;0;0;0;0;0;0;0;0;0;0;0;0;0;1;0;0;0;0;0;0;0;0;0;0;0;0;0;0;0;0;0;0;0;0;0;0;0;0
43698;citro;sj;l2;sj2-6;32;11,43;0,47625;13;8;0,25;1;3;3;8;4;0;0;0;0;0;0;0;0;0;0;0;0;0;0;0;1;1;0;0;0;0;0;0;0;0;0;0;0;0;0;0;0;0;0;0;0;0;0;0;0;0
43698;citro;sj;l2;sj2-7;39;11,5;0,479166667;13;9;0,230769231;1;4;4;9;4;0;0;0;0;0;1;0;0;0;0;0;0;0;0;0;1;1;0;0;0;0;0;0;0;0;0;0;0;0;0;0;0;0;0;0;0;0;0;0;0;0
43698;citro;sj;l1;sj1-1;35;12,34;0,514166667;15;11;0,314285714;1;3;3;11;4;0;0;0;0;0;0;0;0;0;0;0;0;0;0;0;1;0;0;1;1;0;0;0;0;0;1;0;0;0;0;0;0;0;0;0;0;0;0;0;0;0
43698;citro;sj;l1;sj1-2;37;12,41;0,517083333;15;0;0;0;2;3;0;0;0;0;0;0;0;0;0;0;0;0;0;0;0;0;0;1;0;0;0;0;0;0;0;0;0;0;0;0;0;0;0;0;0;0;0;1;1;0;1;0;0
43698;citro;sj;l1;sj1-3;41;12,48;0,52;15;2;0,048780488;1;2;2;2;2;0;0;0;0;0;0;0;0;0;0;0;0;0;0;0;1;0;0;0;0;0;0;0;0;0;0;0;0;0;0;0;0;0;0;0;0;0;0;0;0;0
43698;citro;sj;l1;sj1-4;35;12,18;0,5075;15;1;0,028571429;1;1;1;1;1;0;0;0;0;0;0;0;0;0;0;0;0;0;0;0;0;0;0;0;0;0;0;0;0;0;0;0;0;0;0;0;0;0;0;0;0;0;0;0;0;0
43698;citro;sj;l1;sj1-5;39;12,25;0,510416667;15;0;0;0;0;1;0;0;0;0;0;0;0;0;0;0;0;0;0;0;0;0;0;0;0;0;0;0;0;0;0;0;0;0;0;0;0;0;0;0;0;0;0;0;0;0;0;0;0
43698;citro;sj;l1;sj1-6;37;12,02;0,500833333;15;8;0,216216216;3;3;3;2;1;4;3;2;1;0;0;0;0;0;0;0;0;0;0;0;0;0;0;0;0;0;0;0;0;0;0;0;0;0;0;0;0;0;0;0;0;0;0;0;0;0
43698;citro;sj;l1;sj1-7;38;12,09;0,50375;15;4;0,105263158;1;2;2;4;2;0;0;0;0;0;0;0;0;0;0;0;0;0;0;0;1;0;0;0;0;0;0;0;0;0;0;0;0;0;0;0;0;0;0;0;0;0;0;0;0;0
43698;citro;sj;l3;sj3-1;34;12,59;0,524583333;15;7;0,205882353;1;2;2;7;2;0;0;0;0;0;1;0;0;0;0;0;0;0;0;0;0;0;0;0;0;0;0;0;0;0;0;0;0;0;0;0;0;0;0;0;0;0;0;0;0;0
43698;citro;sj;l3;sj3-2;37;13,09;0,545416667;15;0;0;0;1;2;0;0;0;0;0;0;0;0;0;0;0;0;0;0;0;0;0;1;0;0;0;0;0;0;0;0;0;0;0;0;0;0;0;0;0;0;0;0;0;0;0;0;0
43698;citro;sj;l3;sj3-3;40;13,15;0,547916667;15;5;0,125;1;3;3;5;5;0;0;0;0;0;1;0;0;0;0;0;0;0;0;0;1;0;0;0;0;0;0;0;0;0;0;0;0;0;0;0;0;0;0;0;0;0;0;0;0;0
43698;citro;sj;l3;sj3-4;38;13,22;0,550833333;15;4;0,105263158;1;2;2;4;3;0;0;0;0;0;1;0;0;0;0;0;0;0;0;0;0;0;0;0;0;0;0;0;0;0;0;0;0;0;0;0;0;0;0;0;0;0;0;0;0;0
43698;citro;sj;l3;sj3-5;40;13,37;0,557083333;15;2;0,05;2;2;2;1;1;0;0;0;0;1;1;0;0;0;0;0;0;0;0;0;0;0;0;0;0;0;0;0;0;0;0;0;0;0;0;0;0;0;0;0;0;0;0;0;0;0
43698;citro;sj;l3;sj3-6;36;13,53;0,56375;15;3;0,083333333;1;1;1;3;2;0;0;0;0;0;0;0;0;0;0;0;0;0;0;0;0;0;0;0;0;0;0;0;0;0;0;0;0;0;0;0;0;0;0;0;0;0;0;0;0;0
43698;citro;sj;l3;sj3-7;35;14;0,583333333;15;1;0,028571429;1;1;1;1;1;0;0;0;0;0;0;0;0;0;0;0;0;0;0;0;0;0;0;0;0;0;0;0;0;0;0;0;0;0;0;0;0;0;0;0;0;0;0;0;0;0
43698;citro;pri;l4;pril4-1;52;15,48;0,645;15;4;0,076923077;1;1;2;4;1;0;0;0;0;0;0;0;0;1;1;0;0;1;0;0;0;0;0;0;0;0;0;0;0;0;0;0;0;0;0;0;0;0;0;0;0;0;0;0;0;0
43698;citro;pri;l4;pril4-2;40;15,57;0,64875;15;6;0,15;1;2;3;6;3;0;0;0;0;0;0;0;0;1;1;1;0;0;0;0;1;0;0;0;0;0;0;0;0;0;0;0;0;0;0;0;0;0;0;0;0;0;0;0;0;0
43698;citro;pri;l4;pril4-3;55;15,14;0,630833333;15;0;0;0;2;2;0;0;0;0;0;0;0;0;0;0;0;0;0;0;0;0;0;0;0;0;0;0;0;0;0;0;0;0;0;0;0;0;0;0;0;0;0;1;1;0;0;1;0
43698;citro;pri;l4;pril4-4;65;15,27;0,63625;15;8;0,123076923;1;2;3;8;5;0;1;0;0;0;0;0;0;1;1;1;0;0;0;0;0;0;0;0;0;0;0;0;0;0;0;0;0;0;0;0;0;0;0;0;0;0;0;0;0;0
43698;citro;pri;l4;pril4-5;51;15,02;0,625833333;15;1;0,019607843;1;2;3;1;1;0;0;0;0;0;0;0;0;1;1;1;0;0;0;0;1;0;0;0;0;0;0;0;0;0;0;0;0;0;0;0;0;0;0;0;0;0;0;0;0;0
43698;citro;pri;l4;pril4-6;62;14,52;0,605;15;12;0,193548387;1;2;3;12;2;0;0;0;0;0;0;0;0;1;1;0;0;1;0;0;1;0;0;0;0;0;0;0;0;0;0;0;0;0;0;0;0;0;0;0;0;0;0;0;0;0
43698;citro;pri;l4;pril4-7;56;14,42;0,600833333;15;8;0,142857143;1;2;3;8;4;0;0;0;0;0;0;0;0;2;1;0;2;0;0;0;1;0;0;0;0;0;0;0;0;0;0;0;0;0;0;0;0;0;0;0;0;0;0;0;0;0
43699;citro;pri;l4;pril4-1;84;10,52;0,438333333;14;5;0,05952381;1;2;3;5;3;0;0;0;0;0;0;0;0;2;2;1;1;0;0;0;0;0;0;0;0;0;0;0;0;0;0;0;0;0;0;0;0;0;0;0;0;0;0;0;0;0
43699;citro;pri;l4;pril4-2;44;11;0,458333333;16;1;0,022727273;1;2;3;1;1;0;0;0;0;0;0;0;0;1;1;1;0;0;0;0;0;1;0;0;0;0;0;0;0;0;0;0;0;0;0;0;0;0;0;0;0;0;0;0;0;0
43699;citro;pri;l4;pril4-3;71;10,35;0,43125;14;3;0,042253521;1;2;2;3;2;0;0;0;0;0;0;0;0;0;0;0;0;0;0;0;1;0;0;0;0;0;0;0;0;0;0;0;0;0;0;0;0;0;0;0;0;0;0;0;0;0
43699;citro;pri;l4;pril4-4;68;10,43;0,434583333;14;8;0,117647059;1;2;3;8;6;0;0;0;0;0;0;0;0;2;1;2;0;0;0;0;0;1;0;0;0;0;0;0;0;0;0;0;0;0;0;0;0;0;0;0;0;0;0;0;0;0
43699;citro;pri;l4;pril4-5;66;10,27;0,427916667;14;0;0;0;2;4;0;0;0;1;0;0;0;0;0;0;1;1;1;0;0;0;0;0;1;0;0;0;0;0;0;0;0;0;0;0;0;0;0;0;0;0;0;0;0;0;0;0;0
43699;citro;pri;l4;pril4-6;92;10,11;0,42125;14;16;0,173913043;1;1;2;16;5;0;0;0;0;0;0;0;0;1;1;0;1;0;0;0;0;0;0;0;0;0;0;0;0;0;0;0;0;0;0;0;0;0;0;0;0;0;0;0;0;0
43699;citro;pri;l4;pril4-7;63;10,03;0,417916667;14;5;0,079365079;1;1;1;5;4;0;0;0;0;0;0;0;0;0;0;0;0;0;0;0;0;0;0;0;0;0;0;0;0;0;0;0;0;0;0;0;0;0;0;0;0;0;0;0;0;0
43699;citro;pri;l2;pril2-1;63;11,59;0,482916667;16;1;0,015873016;1;2;3;1;1;0;0;0;0;0;0;0;0;0;0;0;0;0;0;0;0;1;0;0;0;0;0;0;0;0;0;0;0;0;0;0;0;0;0;0;1;1;1;0;0;0
43699;citro;pri;l2;pril2-2;45;12,07;0,502916667;16;2;0,044444444;1;2;4;2;1;0;0;0;0;0;0;0;0;0;0;0;0;0;0;0;0;1;0;0;0;0;0;0;0;0;0;0;0;0;2;2;1;1;0;0;0;0;0;0;0;0
43699;citro;pri;l2;pril2-3;48;12,16;0,506666667;16;8;0,166666667;1;2;2;8;2;0;0;0;0;0;0;0;0;0;0;0;0;0;0;0;0;1;0;0;0;0;0;0;0;0;0;0;0;0;0;0;0;0;0;0;0;0;0;0;0;0
43699;citro;pri;l2;pril2-4;40;11,41;0,475416667;16;1;0,025;1;2;2;1;1;0;0;0;0;0;0;0;0;0;0;0;0;0;0;0;0;1;0;0;0;0;0;0;0;0;0;0;0;0;0;0;0;0;0;0;0;0;0;0;0;0
43699;citro;pri;l2;pril2-5;46;11,41;0,475416667;16;1;0,02173913;1;3;3;1;1;0;0;0;0;0;0;0;0;0;0;0;0;0;0;0;1;1;0;0;0;0;0;0;0;0;0;0;0;0;0;0;0;0;0;0;0;0;0;0;0;0
43699;citro;pri;l2;pril2-6;50;11,25;0,46875;16;2;0,04;1;2;2;2;2;0;0;0;0;0;0;0;0;0;0;0;0;0;0;0;0;0;0;0;0;0;0;0;0;0;0;0;0;0;0;0;0;0;0;0;1;1;0;1;0;0
43699;citro;pri;l2;pril2-7;64;11,33;0,472083333;16;0;0;0;2;3;0;0;0;0;0;0;0;0;0;0;0;0;0;0;0;0;0;1;1;0;0;0;0;0;0;0;0;0;0;0;0;0;0;0;0;0;0;0;0;0;0;0;0
43699;citro;pri;l2;pril2-1;44;12,4;0,516666667;16;0;0;0;2;2;0;0;0;0;0;1;0;0;0;0;0;0;0;0;0;0;0;0;0;0;0;0;0;0;0;0;0;0;0;0;0;0;0;0;0;0;0;0;0;0;0;0;0
43699;citro;pri;l2;pril2-2;46;12,32;0,513333333;16;11;0,239130435;1;2;2;11;3;0;0;0;0;0;0;0;0;0;0;0;0;0;0;0;0;0;0;0;0;0;0;0;0;0;0;0;0;0;0;0;0;0;0;0;1;1;0;1;0;0
43699;citro;pri;l2;pril2-3;55;12,22;0,509166667;16;12;0,218181818;2;2;2;8;3;0;0;0;0;0;0;0;0;0;0;0;0;0;0;0;0;0;0;0;0;0;0;0;0;0;0;0;0;0;0;0;0;0;0;4;1;1;0;1;0;0
43699;citro;pri;l2;pril2-4;40;12,48;0,52;16;4;0,1;1;3;3;4;2;0;0;0;1;0;0;0;0;0;0;0;0;0;0;0;1;0;0;0;0;0;0;0;0;0;0;0;0;0;0;0;0;0;0;0;0;0;0;0;0;0
43699;citro;pri;l2;pril2-5;44;12,55;0,522916667;16;6;0,136363636;1;2;2;6;5;0;0;0;0;0;0;0;0;0;0;0;0;0;0;0;0;0;0;0;0;0;0;0;0;0;0;0;0;0;0;0;0;0;0;0;1;1;0;1;0;0
43699;citro;pri;l2;pril2-6;43;13,13;0,547083333;16;8;0,186046512;1;3;3;8;3;0;0;0;0;0;0;0;0;0;0;0;0;0;0;0;0;1;0;0;0;0;0;0;0;0;0;0;0;0;0;0;0;0;0;0;0;0;0;0;0;1
43699;citro;pri;l2;pril2-7;47;13,03;0,542916667;16;2;0,042553191;1;4;4;2;1;0;1;0;1;0;0;0;0;0;0;0;0;0;0;0;1;0;0;0;0;0;0;0;0;0;0;0;0;0;0;0;0;0;0;0;0;0;0;0;0;0
